Date,Close,Return,avg_tone,news_count,risk_signal,risk_signal_lag1
2021-01-06,3748.139892578125,0.5693603382474094,-1.287422800007945,167.0,1.287422800007945,1.8203762589740902
2021-01-07,3803.7900390625,1.4738260107752972,-2.0211776936549746,135.0,2.0211776936549746,1.287422800007945
2021-01-08,3824.679931640625,0.5476837393515369,-2.3277037827741194,183.0,2.3277037827741194,2.0211776936549746
2021-01-11,3799.610107421875,-0.6576327616621317,-1.6546382558671762,129.0,1.6546382558671762,2.3277037827741194
2021-01-12,3801.18994140625,0.041570203056956405,-1.7106164157574442,154.0,1.7106164157574442,1.6546382558671762
2021-01-13,3809.840087890625,0.22730563867261075,-2.0177775339645025,179.0,2.0177775339645025,1.7106164157574442
2021-01-14,3795.5400390625,-0.3760513068743101,-1.5556375383212724,170.0,1.5556375383212724,2.0177775339645025
2021-01-15,3768.25,-0.7216000798278505,-2.160444165900303,159.0,2.160444165900303,1.5556375383212724
2021-01-19,3798.909912109375,0.8103457635761656,-1.0694985767640204,135.0,1.0694985767640204,2.160444165900303
2021-01-20,3851.85009765625,1.3839417376510863,-0.6026861976955176,154.0,0.6026861976955176,1.0694985767640204
2021-01-21,3853.070068359375,0.03166731613135491,-1.4171496832336903,153.0,1.4171496832336903,0.6026861976955176
2021-01-22,3841.469970703125,-0.30151526629377107,-1.5018110938874247,163.0,1.5018110938874247,1.4171496832336903
2021-01-25,3855.360107421875,0.36093175130174654,-1.3211596302380444,118.0,1.3211596302380444,1.5018110938874247
2021-01-26,3849.6201171875,-0.1489943161153501,-1.67590010276589,168.0,1.67590010276589,1.3211596302380444
2021-01-27,3750.77001953125,-2.601331512610035,-1.0581635199832706,168.0,1.0581635199832706,1.67590010276589
2021-01-28,3787.3798828125,0.9713298778760395,-1.2612876781348483,173.0,1.2612876781348483,1.0581635199832706
2021-01-29,3714.239990234375,-1.9500377654792,-1.0171201804065777,167.0,1.0171201804065777,1.2612876781348483
2021-02-01,3773.860107421875,1.5924300234678626,-1.5313032776129114,129.0,1.5313032776129114,1.0171201804065777
2021-02-02,3826.31005859375,1.3802528814310624,-1.177402885978244,156.0,1.177402885978244,1.5313032776129114
2021-02-03,3830.169921875,0.10082606153447803,-1.23586114926385,167.0,1.23586114926385,1.177402885978244
2021-02-04,3871.739990234375,1.0794847643921974,-2.1450541754340993,157.0,2.1450541754340993,1.23586114926385
2021-02-05,3886.830078125,0.3889919607763825,-1.5092152679359332,162.0,1.5092152679359332,2.1450541754340993
2021-02-08,3915.590087890625,0.7372107476289037,-1.4574471104680455,117.0,1.4574471104680455,1.5092152679359332
2021-02-09,3911.22998046875,-0.11141454217211749,-1.718006201853186,160.0,1.718006201853186,1.4574471104680455
2021-02-10,3909.8798828125,-0.03452445223915674,-1.4703709841266097,163.0,1.4703709841266097,1.718006201853186
2021-02-11,3916.3798828125,0.16610748145877074,-1.5584922910373928,158.0,1.5584922910373928,1.4703709841266097
2021-02-12,3934.830078125,0.46999709261626077,-1.7142578361339373,142.0,1.7142578361339373,1.5584922910373928
2021-02-16,3932.590087890625,-0.056943451541546654,-1.523549838331427,125.0,1.523549838331427,1.7142578361339373
2021-02-17,3931.330078125,-0.032045334891695004,-1.6199545972937435,153.0,1.6199545972937435,1.523549838331427
2021-02-18,3913.969970703125,-0.4425614227243303,-1.955506115722457,182.0,1.955506115722457,1.6199545972937435
2021-02-19,3906.7099609375,-0.18566190956649256,-1.4253413095799614,123.0,1.4253413095799614,1.955506115722457
2021-02-22,3876.5,-0.7762892893710862,-1.062876981715925,126.0,1.062876981715925,1.4253413095799614
2021-02-23,3881.3701171875,0.12555296115265333,-1.476555196300786,162.0,1.476555196300786,1.062876981715925
2021-02-24,3925.429931640625,1.1287667670985946,-1.5002452045739503,149.0,1.5002452045739503,1.476555196300786
2021-02-25,3829.340087890625,-2.478339442417185,-0.9672637079030132,164.0,0.9672637079030132,1.5002452045739503
2021-02-26,3811.14990234375,-0.47615322937987775,-1.585311409943642,135.0,1.585311409943642,0.9672637079030132
2021-03-01,3901.820068359375,2.3512173225693522,-1.1315738138402738,126.0,1.1315738138402738,1.585311409943642
2021-03-02,3870.2900390625,-0.8113678739508761,-1.4494613099096203,167.0,1.4494613099096203,1.1315738138402738
2021-03-03,3819.719970703125,-1.315233589480116,-1.6359051341095043,171.0,1.6359051341095043,1.4494613099096203
2021-03-04,3768.469970703125,-1.3508038064390469,-1.5162869835452997,137.0,1.5162869835452997,1.6359051341095043
2021-03-05,3841.93994140625,1.9308356338709187,-1.318350231132032,133.0,1.318350231132032,1.5162869835452997
2021-03-08,3821.35009765625,-0.537364322402543,-1.0691035724485782,129.0,1.0691035724485782,1.318350231132032
2021-03-09,3875.43994140625,1.4055400743930568,-2.020747589728465,135.0,2.020747589728465,1.0691035724485782
2021-03-10,3898.81005859375,0.6012203770988197,-1.8287029439790485,139.0,1.8287029439790485,2.020747589728465
2021-03-11,3939.340087890625,1.0341825500657609,-1.4203564823379506,133.0,1.4203564823379506,1.8287029439790485
2021-03-12,3943.340087890625,0.10148833275308508,-1.2694423864083522,136.0,1.2694423864083522,1.4203564823379506
2021-03-15,3968.93994140625,0.6470939539413049,-1.5389440947774793,125.0,1.5389440947774793,1.2694423864083522
2021-03-16,3962.7099609375,-0.15709169785959107,-1.5838337701172742,129.0,1.5838337701172742,1.5389440947774793
2021-03-17,3974.1201171875,0.28752446501592593,-2.1086185733094336,121.0,2.1086185733094336,1.5838337701172742
2021-03-18,3915.4599609375,-1.4870560065947798,-1.8115491711449603,130.0,1.8115491711449603,2.1086185733094336
2021-03-19,3913.10009765625,-0.06028856737550234,-1.5350661375944374,141.0,1.5350661375944374,1.8115491711449603
2021-03-22,3940.590087890625,0.7000556898342752,-1.781461906937282,83.0,1.781461906937282,1.5350661375944374
2021-03-23,3910.52001953125,-0.7660118119334027,-1.6264064292197837,136.0,1.6264064292197837,1.781461906937282
2021-03-24,3889.139892578125,-0.5482336600348828,-0.8680588900154556,10.0,0.8680588900154556,1.6264064292197837
2021-03-25,3909.52001953125,0.5226583432729291,-1.4183614062678789,46.0,1.4183614062678789,0.8680588900154556
2021-03-26,3974.5400390625,1.6494418658716574,-1.0668965276151814,110.0,1.0668965276151814,1.4183614062678789
2021-03-29,3971.090087890625,-0.0868389626386738,-2.0179143645312267,120.0,2.0179143645312267,1.0668965276151814
2021-03-30,3958.550048828125,-0.3162829409650029,-0.979663841527991,151.0,0.979663841527991,2.0179143645312267
2021-03-31,3972.889892578125,0.36159535924198855,-2.05573313901087,162.0,2.05573313901087,0.979663841527991
2021-04-01,4019.8701171875,1.1755830427674128,-1.872456202165496,165.0,1.872456202165496,2.05573313901087
2021-04-05,4077.909912109375,1.43349877622439,-1.7456973355138639,114.0,1.7456973355138639,1.872456202165496
2021-04-06,4073.93994140625,-0.09740049407969285,-1.4099743701906364,114.0,1.4099743701906364,1.7456973355138639
2021-04-07,4079.949951171875,0.14741456981068138,-1.7739906829023375,145.0,1.7739906829023375,1.4099743701906364
2021-04-08,4097.169921875,0.42117509405917747,-1.33689241977984,156.0,1.33689241977984,1.7739906829023375
2021-04-09,4128.7998046875,0.7690288135687275,-1.1770437505423883,152.0,1.1770437505423883,1.33689241977984
2021-04-12,4127.990234375,-0.01960980747395339,-2.1121031595573188,136.0,2.1121031595573188,1.1770437505423883
2021-04-13,4141.58984375,0.3289071877062569,-1.1275761671099056,139.0,1.1275761671099056,2.1121031595573188
2021-04-14,4124.66015625,-0.4096104320730151,-2.1862523257518243,175.0,2.1862523257518243,1.1275761671099056
2021-04-15,4170.419921875,1.1033101401119478,-1.568658394033468,164.0,1.568658394033468,2.1862523257518243
2021-04-16,4185.47021484375,0.3602323390517967,-0.9435516429715582,130.0,0.9435516429715582,1.568658394033468
2021-04-19,4163.259765625,-0.5320689893757947,-1.835847230575974,124.0,1.835847230575974,0.9435516429715582
2021-04-20,4134.93994140625,-0.6825561005077803,-1.5304168166551846,133.0,1.5304168166551846,1.835847230575974
2021-04-21,4173.419921875,0.9263020919853235,-2.0354514738955145,152.0,2.0354514738955145,1.5304168166551846
2021-04-22,4134.97998046875,-0.9253337860554323,-1.3873181440759808,140.0,1.3873181440759808,2.0354514738955145
2021-04-23,4180.169921875,1.086940989553096,-2.595346078094305,143.0,2.595346078094305,1.3873181440759808
2021-04-26,4187.6201171875,0.1780684564582624,-1.758024138918616,94.0,1.758024138918616,2.595346078094305
2021-04-27,4186.72021484375,-0.02149189814442344,-1.0556486328677146,140.0,1.0556486328677146,1.758024138918616
2021-04-28,4183.18017578125,-0.08458975873960478,-1.5251429208442058,157.0,1.5251429208442058,1.0556486328677146
2021-04-29,4211.47021484375,0.6740041536702409,-1.0044953263638716,125.0,1.0044953263638716,1.5251429208442058
2021-04-30,4181.169921875,-0.7220713417119827,-1.250850626633193,128.0,1.250850626633193,1.0044953263638716
2021-05-03,4192.66015625,0.2744321649512167,-2.2755586148241784,79.0,2.2755586148241784,1.250850626633193
2021-05-04,4164.66015625,-0.670073748984723,-1.8703048649019096,143.0,1.8703048649019096,2.2755586148241784
2021-05-05,4167.58984375,0.07032164471135163,-1.988856861763297,151.0,1.988856861763297,1.8703048649019096
2021-05-06,4201.6201171875,0.8132299498632055,-0.89822965837966,133.0,0.89822965837966,1.988856861763297
2021-05-07,4232.60009765625,0.7346291419186352,-1.5601755555022367,162.0,1.5601755555022367,0.89822965837966
2021-05-10,4188.43017578125,-1.0490480503138024,-1.4549137659098617,107.0,1.4549137659098617,1.5601755555022367
2021-05-11,4152.10009765625,-0.8711750141781542,-1.6721382146542472,141.0,1.6721382146542472,1.4549137659098617
2021-05-12,4063.0400390625,-2.1682782358302415,-1.2366072429996906,134.0,1.2366072429996906,1.6721382146542472
2021-05-13,4112.5,1.2099644578094055,-2.349294834621519,130.0,2.349294834621519,1.2366072429996906
2021-05-14,4173.85009765625,1.480777856362363,-2.0780123789998504,111.0,2.0780123789998504,2.349294834621519
2021-05-17,4163.2900390625,-0.2533258183961915,-2.1109881734400004,104.0,2.1109881734400004,2.0780123789998504
2021-05-18,4127.830078125,-0.85537723840327,-1.9802417813672433,154.0,1.9802417813672433,2.1109881734400004
2021-05-19,4115.68017578125,-0.29477518113784107,-1.638430412825253,145.0,1.638430412825253,1.9802417813672433
2021-05-20,4159.1201171875,1.049942933450842,-1.4944561301888992,142.0,1.4944561301888992,1.638430412825253
2021-05-21,4155.85986328125,-0.07841880752528091,-1.2514486678099346,116.0,1.2514486678099346,1.4944561301888992
2021-05-24,4197.0498046875,0.9862497481216077,-0.9627729886040973,108.0,0.9627729886040973,1.2514486678099346
2021-05-25,4188.1298828125,-0.21275454008285988,-1.2321835500590812,142.0,1.2321835500590812,0.9627729886040973
2021-05-26,4195.990234375,0.18750575506104544,-1.8032806295980066,151.0,1.8032806295980066,1.2321835500590812
2021-05-27,4200.8798828125,0.1164636089862995,-1.9399709201542141,122.0,1.9399709201542141,1.8032806295980066
2021-05-28,4204.10986328125,0.0768586452887337,-2.0261327211554074,120.0,2.0261327211554074,1.9399709201542141
2021-06-01,4202.0400390625,-0.04924547586291649,-1.4891086473921264,108.0,1.4891086473921264,2.0261327211554074
2021-06-02,4208.1201171875,0.14458890369002922,-1.6936227706103775,119.0,1.6936227706103775,1.4891086473921264
2021-06-03,4192.85009765625,-0.36353030560493194,-0.9410018655535297,94.0,0.9410018655535297,1.6936227706103775
2021-06-04,4229.89013671875,0.8795303383016323,-1.5130917984680476,104.0,1.5130917984680476,0.9410018655535297
2021-06-07,4226.52001953125,-0.07970562694215079,-1.297819672858303,109.0,1.297819672858303,1.5130917984680476
2021-06-08,4227.259765625,0.01750095494412116,-1.4332357444685988,116.0,1.4332357444685988,1.297819672858303
2021-06-09,4219.5498046875,-0.18255325906156836,-0.899651146476943,98.0,0.899651146476943,1.4332357444685988
2021-06-10,4239.18017578125,0.4641454776462911,-1.7325207638505422,106.0,1.7325207638505422,0.899651146476943
2021-06-11,4247.43994140625,0.19465389328083602,-1.4047276746108057,89.0,1.4047276746108057,1.7325207638505422
2021-06-14,4255.14990234375,0.18135563851361702,-1.2662170973059077,92.0,1.2662170973059077,1.4047276746108057
2021-06-15,4246.58984375,-0.201371995427588,-1.4610022388141908,116.0,1.4610022388141908,1.2662170973059077
2021-06-16,4223.7001953125,-0.5404703747026491,-1.5464551135371258,113.0,1.5464551135371258,1.4610022388141908
2021-06-17,4221.85986328125,-0.04358105436726477,-0.8375800041535496,145.0,0.8375800041535496,1.5464551135371258
2021-06-18,4166.4501953125,-1.3211355687284159,-1.4573791998034902,95.0,1.4573791998034902,0.8375800041535496
2021-06-21,4224.7900390625,1.3905163512319856,-0.9864573264190242,92.0,0.9864573264190242,1.4573791998034902
2021-06-22,4246.43994140625,0.5111406378990612,-1.3281703179519824,135.0,1.3281703179519824,0.9864573264190242
2021-06-23,4241.83984375,-0.10838705186495853,-1.4563288934563474,130.0,1.4563288934563474,1.3281703179519824
2021-06-24,4266.490234375,0.5794429545916893,-1.519442508048762,153.0,1.519442508048762,1.4563288934563474
2021-06-25,4280.7001953125,0.3325063164687565,-1.8741963347413946,98.0,1.8741963347413946,1.519442508048762
2021-06-28,4290.60986328125,0.23122888604717495,-1.4819499139083234,110.0,1.4819499139083234,1.8741963347413946
2021-06-29,4291.7998046875,0.02772977426878152,-1.3154657277418598,59.0,1.3154657277418598,1.4819499139083234
2021-06-30,4297.5,0.13272784229071918,-1.8383239150349397,101.0,1.8383239150349397,1.3154657277418598
2021-07-01,4319.93994140625,0.5208041432254744,-1.403979349941853,81.0,1.403979349941853,1.8383239150349397
2021-07-02,4352.33984375,0.7472095894691672,-1.4455225239520437,77.0,1.4455225239520437,1.403979349941853
2021-07-06,4343.5400390625,-0.20239027700217788,-1.5573106351856658,98.0,1.5573106351856658,1.4455225239520437
2021-07-07,4358.1298828125,0.3353346553662935,-1.8589242653215046,102.0,1.8589242653215046,1.5573106351856658
2021-07-08,4320.81982421875,-0.8597881009556395,-2.3010805027731225,101.0,2.3010805027731225,1.8589242653215046
2021-07-09,4369.5498046875,1.1214825902413765,-1.3232789133445841,114.0,1.3232789133445841,2.3010805027731225
2021-07-12,4384.6298828125,0.344523269559405,-1.128949704935689,86.0,1.128949704935689,1.3232789133445841
2021-07-13,4369.2099609375,-0.35230111811655834,-2.101971035626886,88.0,2.101971035626886,1.128949704935689
2021-07-14,4374.2998046875,0.11642565654693257,-1.048097928849207,86.0,1.048097928849207,2.101971035626886
2021-07-15,4360.02978515625,-0.3267573562745912,-1.5319742124865314,110.0,1.5319742124865314,1.048097928849207
2021-07-16,4327.16015625,-0.7567415006813216,-1.4324159522785413,108.0,1.4324159522785413,1.5319742124865314
2021-07-19,4258.490234375,-1.5996781399983977,-2.0688859422693184,81.0,2.0688859422693184,1.4324159522785413
2021-07-20,4323.06005859375,1.50488060047999,-2.3164921415328332,91.0,2.3164921415328332,2.0688859422693184
2021-07-21,4358.68994140625,0.8208041662144043,-1.3849325401176948,101.0,1.3849325401176948,2.3164921415328332
2021-07-22,4367.47998046875,0.20146392092429752,-2.0098745156571494,128.0,2.0098745156571494,1.3849325401176948
2021-07-23,4411.7900390625,1.0094332386254414,-1.6391892676712445,131.0,1.6391892676712445,2.0098745156571494
2021-07-26,4422.2998046875,0.23793669227295927,-1.4638513478263944,99.0,1.4638513478263944,1.6391892676712445
2021-07-27,4401.4599609375,-0.47235833821780027,-0.8186990913093639,106.0,0.8186990913093639,1.4638513478263944
2021-07-28,4400.64013671875,-0.0186279231552706,-1.3501476923323112,113.0,1.3501476923323112,0.8186990913093639
2021-07-29,4419.14990234375,0.4197331845272641,-1.3094180488236309,126.0,1.3094180488236309,1.3501476923323112
2021-07-30,4395.259765625,-0.5420713608261166,-1.3479458988175028,100.0,1.3479458988175028,1.3094180488236309
2021-08-02,4387.16015625,-0.1844505670060361,-1.1296428133184215,66.0,1.1296428133184215,1.3479458988175028
2021-08-03,4423.14990234375,0.8169961338918061,-0.845036095947053,105.0,0.845036095947053,1.1296428133184215
2021-08-04,4402.66015625,-0.4643150661295458,-0.9543035003257446,99.0,0.9543035003257446,0.845036095947053
2021-08-05,4429.10009765625,0.5987485990419112,-1.2755785749540067,73.0,1.2755785749540067,0.9543035003257446
2021-08-06,4436.52001953125,0.16738645485288822,-1.5374510171553188,72.0,1.5374510171553188,1.2755785749540067
2021-08-09,4432.35009765625,-0.09403502649549345,-1.6785113801110536,62.0,1.6785113801110536,1.5374510171553188
2021-08-10,4436.75,0.09921869538634502,-0.7403038488569026,67.0,0.7403038488569026,1.6785113801110536
2021-08-11,4442.41015625,0.12749307180154837,-1.2270859798464022,93.0,1.2270859798464022,0.7403038488569026
2021-08-12,4460.830078125,0.413780773547866,-0.9456686195897708,72.0,0.9456686195897708,1.2270859798464022
2021-08-13,4468.0,0.16060163209228442,-1.491153937666488,85.0,1.491153937666488,0.9456686195897708
2021-08-16,4479.7099609375,0.26174222619943593,-1.6421082366708053,77.0,1.6421082366708053,1.491153937666488
2021-08-17,4448.080078125,-0.708574350713799,-0.8971130741697462,52.0,0.8971130741697462,1.6421082366708053
2021-08-18,4400.27001953125,-1.080665284525433,-1.8598880941518072,66.0,1.8598880941518072,0.8971130741697462
2021-08-19,4405.7998046875,0.1255903256156918,-1.270560886138489,62.0,1.270560886138489,1.8598880941518072
2021-08-20,4441.669921875,0.810860389074176,-2.1476972071897262,111.0,2.1476972071897262,1.270560886138489
2021-08-23,4479.52978515625,0.8487667984412182,-1.9025013805461093,112.0,1.9025013805461093,2.1476972071897262
2021-08-24,4486.22998046875,0.1494618801962072,-1.863777082915584,118.0,1.863777082915584,1.9025013805461093
2021-08-25,4496.18994140625,0.22176574032508797,-2.171549226295474,129.0,2.171549226295474,1.863777082915584
2021-08-26,4470.0,-0.5841949827602656,-1.8662765604982128,132.0,1.8662765604982128,2.171549226295474
2021-08-27,4509.3701171875,0.8769071540452218,-2.0541931703419913,133.0,2.0541931703419913,1.8662765604982128
2021-08-30,4528.7900390625,0.42973241068746004,-1.8114566346366918,89.0,1.8114566346366918,2.0541931703419913
2021-08-31,4522.68017578125,-0.13500269158932096,-1.5090844968172477,112.0,1.5090844968172477,1.8114566346366918
2021-09-01,4524.08984375,0.031164006095334113,-1.1304337471350254,109.0,1.1304337471350254,1.5090844968172477
2021-09-02,4536.9501953125,0.2838605754404257,-0.930416206504412,145.0,0.930416206504412,1.1304337471350254
2021-09-03,4535.43017578125,-0.03350872611813474,-1.7286675503102527,102.0,1.7286675503102527,0.930416206504412
2021-09-07,4520.02978515625,-0.34013524523203464,-0.8693756128130017,118.0,0.8693756128130017,1.7286675503102527
2021-09-08,4514.06982421875,-0.1319436813816666,-1.466829806819794,85.0,1.466829806819794,0.8693756128130017
2021-09-09,4493.27978515625,-0.4616247150002522,-1.7511276163091745,116.0,1.7511276163091745,1.466829806819794
2021-09-10,4458.580078125,-0.77525522862761,-1.5654882911534846,103.0,1.5654882911534846,1.7511276163091745
2021-09-13,4468.72998046875,0.22739003463696442,-2.2546194881809294,102.0,2.2546194881809294,1.5654882911534846
2021-09-14,4443.0498046875,-0.5763213966258605,-1.3500443598337972,134.0,1.3500443598337972,2.2546194881809294
2021-09-15,4480.7001953125,0.8438294222079725,-1.533754494995617,115.0,1.533754494995617,1.3500443598337972
2021-09-16,4473.75,-0.15523447127638307,-0.9063667008010153,85.0,0.9063667008010153,1.533754494995617
2021-09-17,4432.990234375,-0.91526302757993,-1.2016421718513262,103.0,1.2016421718513262,0.9063667008010153
2021-09-20,4357.72998046875,-1.7123077726381843,-0.4558161724471887,53.0,0.4558161724471887,1.2016421718513262
2021-09-21,4354.18994140625,-0.08126886585469564,-1.0945781292902816,124.0,1.0945781292902816,0.4558161724471887
2021-09-22,4395.64013671875,0.9474585224220085,-1.676625922453558,117.0,1.676625922453558,1.0945781292902816
2021-09-23,4448.97998046875,1.206168036993597,-1.7880530986495786,69.0,1.7880530986495786,1.676625922453558
2021-09-24,4455.47998046875,0.14599428113642637,-0.9800292701506057,101.0,0.9800292701506057,1.7880530986495786
2021-09-27,4443.10986328125,-0.2780243920187674,-1.42452572181861,102.0,1.42452572181861,0.9800292701506057
2021-09-28,4352.6298828125,-2.0574317739894057,-1.577547760144345,121.0,1.577547760144345,1.42452572181861
2021-09-29,4359.4599609375,0.15679543362838072,-1.2234798668965101,142.0,1.2234798668965101,1.577547760144345
2021-09-30,4307.5400390625,-1.1981202945014902,-1.4822303502637422,149.0,1.4822303502637422,1.2234798668965101
2021-10-01,4357.0400390625,1.1425952113334161,-0.6951778575513504,72.0,0.6951778575513504,1.4822303502637422
2021-10-04,4300.4599609375,-1.3070952048643705,-1.4627711887689185,84.0,1.4627711887689185,0.6951778575513504
2021-10-05,4345.72021484375,1.0469517498601526,-1.6878504757254058,96.0,1.6878504757254058,1.4627711887689185
2021-10-06,4363.5498046875,0.40943993496248243,-1.2192033857561362,135.0,1.2192033857561362,1.6878504757254058
2021-10-07,4399.759765625,0.8264039225065406,-1.2233086650266474,134.0,1.2233086650266474,1.2192033857561362
2021-10-08,4391.33984375,-0.19155566024214524,-1.0770382906143878,127.0,1.0770382906143878,1.2233086650266474
2021-10-11,4361.18994140625,-0.6889441644339832,-1.9113866519153575,62.0,1.9113866519153575,1.0770382906143878
2021-10-12,4350.64990234375,-0.24197056865549257,-1.318981628449349,67.0,1.318981628449349,1.9113866519153575
2021-10-13,4363.7998046875,0.3017955870231918,-0.344022640942493,114.0,0.344022640942493,1.318981628449349
2021-10-14,4438.259765625,1.6919162285711566,-1.2982187544903092,114.0,1.2982187544903092,0.344022640942493
2021-10-15,4471.3701171875,0.7432520637190081,-1.9918141614775962,66.0,1.9918141614775962,1.2982187544903092
2021-10-18,4486.4599609375,0.3369087801803826,-0.8119754662573656,115.0,0.8119754662573656,1.9918141614775962
2021-10-19,4519.6298828125,0.7366142784235753,-1.0090740200303308,140.0,1.0090740200303308,0.8119754662573656
2021-10-20,4536.18994140625,0.36573335985606886,-0.998125963139634,127.0,0.998125963139634,1.0090740200303308
2021-10-21,4549.77978515625,0.2991393168360022,-1.5211178619224204,121.0,1.5211178619224204,0.998125963139634
2021-10-22,4544.89990234375,-0.10731292246643565,-1.2488184365701533,110.0,1.2488184365701533,1.5211178619224204
2021-10-25,4566.47998046875,0.4736959440853509,-1.3044149099769864,95.0,1.3044149099769864,1.2488184365701533
2021-10-26,4574.7900390625,0.18181414322441136,-1.7531809925870536,118.0,1.7531809925870536,1.3044149099769864
2021-10-27,4551.68017578125,-0.5064370371105529,-0.8707807476354313,129.0,0.8707807476354313,1.7531809925870536
2021-10-28,4596.419921875,0.9781288424184026,-1.6190677178001966,143.0,1.6190677178001966,0.8707807476354313
2021-10-29,4605.3798828125,0.19474372317175562,-0.7822436583236044,114.0,0.7822436583236044,1.6190677178001966
2021-11-01,4613.669921875,0.17984589459023884,-1.584904885484155,119.0,1.584904885484155,0.7822436583236044
2021-11-02,4630.64990234375,0.3673607120388547,-1.332222602011649,113.0,1.332222602011649,1.584904885484155
2021-11-03,4660.56982421875,0.644049461289024,-1.4760800327369497,129.0,1.4760800327369497,1.332222602011649
2021-11-04,4680.06005859375,0.41732223428170356,-1.6843770126828885,119.0,1.6843770126828885,1.4760800327369497
2021-11-05,4697.52978515625,0.3725850045284445,-1.8556335135508768,118.0,1.8556335135508768,1.6843770126828885
2021-11-08,4701.7001953125,0.08873940607025194,-1.5501612683769759,92.0,1.5501612683769759,1.8556335135508768
2021-11-09,4685.25,-0.35049109264001277,-1.110956912512186,95.0,1.110956912512186,1.5501612683769759
2021-11-10,4646.7099609375,-0.8259842163861059,-1.5515948959785077,132.0,1.5515948959785077,1.110956912512186
2021-11-11,4649.27001953125,0.05507883329889288,-0.28613464206751316,135.0,0.28613464206751316,1.5515948959785077
2021-11-12,4682.85009765625,0.7196697564130407,-1.7333564731423527,102.0,1.7333564731423527,0.28613464206751316
2021-11-15,4682.7998046875,-0.0010739878017001878,-1.402065380451593,107.0,1.402065380451593,1.7333564731423527
2021-11-16,4700.89990234375,0.3857779057126637,-2.0863601069743285,100.0,2.0863601069743285,1.402065380451593
2021-11-17,4688.669921875,-0.2605015482895879,-0.6983829484329628,108.0,0.6983829484329628,2.0863601069743285
2021-11-18,4704.5400390625,0.3379064740171914,-1.487300619696788,134.0,1.487300619696788,0.6983829484329628
2021-11-19,4697.9599609375,-0.1399644604988097,-1.8594022494388773,140.0,1.8594022494388773,1.487300619696788
2021-11-22,4682.93994140625,-0.3202258316960725,-1.2112701209588843,119.0,1.2112701209588843,1.8594022494388773
2021-11-23,4690.7001953125,0.1655761383195201,-1.2995922710585797,90.0,1.2995922710585797,1.2112701209588843
2021-11-24,4701.4599609375,0.22912237766672797,-1.7242417464918198,119.0,1.7242417464918198,1.2995922710585797
2021-11-26,4594.6201171875,-2.2987011159321162,-1.0763226247555178,63.0,1.0763226247555178,1.7242417464918198
2021-11-29,4655.27001953125,1.3113836082824228,-1.3786250849721744,108.0,1.3786250849721744,1.0763226247555178
2021-11-30,4567.0,-1.9143381187850563,-0.8700843970068084,132.0,0.8700843970068084,1.3786250849721744
2021-12-01,4513.0400390625,-1.1885541457955926,-1.8772151713695115,121.0,1.8772151713695115,0.8700843970068084
2021-12-02,4577.10009765625,1.4094638396057768,-1.4151862859397797,110.0,1.4151862859397797,1.8772151713695115
2021-12-03,4538.43017578125,-0.8484455141738648,-1.9752290891419366,98.0,1.9752290891419366,1.4151862859397797
2021-12-06,4591.669921875,1.166259930968614,-1.7679315181473425,101.0,1.7679315181473425,1.9752290891419366
2021-12-07,4686.75,2.0495603186252547,-1.5736340441379895,136.0,1.5736340441379895,1.7679315181473425
2021-12-08,4701.2099609375,0.3080535586585806,-1.4008965440426282,122.0,1.4008965440426282,1.5736340441379895
2021-12-09,4667.4501953125,-0.7206988232523656,-1.4238053408460212,130.0,1.4238053408460212,1.4008965440426282
2021-12-10,4712.02001953125,0.9503769118209724,-1.435203175401164,147.0,1.435203175401164,1.4238053408460212
2021-12-13,4668.97021484375,-0.9178158342793815,-2.355128582557273,109.0,2.355128582557273,1.435203175401164
2021-12-14,4634.08984375,-0.7498722854623672,-1.747802327717591,129.0,1.747802327717591,2.355128582557273
2021-12-15,4709.85009765625,1.6216267351890876,-1.4161615792561184,121.0,1.4161615792561184,1.747802327717591
2021-12-16,4668.669921875,-0.8781863311112446,-1.2627191766607757,113.0,1.2627191766607757,1.4161615792561184
2021-12-17,4620.64013671875,-1.034096458405368,-1.5395893814584138,83.0,1.5395893814584138,1.2627191766607757
2021-12-20,4568.02001953125,-1.145339832325659,-0.6155049603123873,105.0,0.6155049603123873,1.5395893814584138
2021-12-21,4649.22998046875,1.7621755385195486,-1.7721758268118177,120.0,1.7721758268118177,0.6155049603123873
2021-12-22,4696.56005859375,1.0128728029127596,-1.839936510916178,117.0,1.839936510916178,1.7721758268118177
2021-12-23,4725.7900390625,0.6204412685251626,-0.8261826506231259,109.0,0.8261826506231259,1.839936510916178
2021-12-27,4791.18994140625,1.3744051573605864,-1.7552297841128455,76.0,1.7552297841128455,0.8261826506231259
2021-12-28,4786.35009765625,-0.10106653988873737,-1.2456747727211104,96.0,1.2456747727211104,1.7552297841128455
2021-12-29,4793.06005859375,0.14009134018576785,-1.6539262543582416,89.0,1.6539262543582416,1.2456747727211104
2021-12-30,4778.72998046875,-0.2994233841904309,-2.630492967903232,66.0,2.630492967903232,1.6539262543582416
2021-12-31,4766.18017578125,-0.26296343734744393,-1.9140790751875845,35.0,1.9140790751875845,2.630492967903232
2022-01-03,4796.56005859375,0.6353824170388397,-1.112261299695793,86.0,1.112261299695793,1.9140790751875845
2022-01-04,4793.5400390625,-0.06298202522032699,-1.7504463220897999,119.0,1.7504463220897999,1.112261299695793
2022-01-05,4700.580078125,-1.9583264304501073,-1.3340412922640719,140.0,1.3340412922640719,1.7504463220897999
2022-01-06,4696.0498046875,-0.09642337401809882,-2.1733773023391247,110.0,2.1733773023391247,1.3340412922640719
2022-01-07,4677.02978515625,-0.4058441082336512,-1.9071089196774298,103.0,1.9071089196774298,2.1733773023391247
2022-01-10,4670.2900390625,-0.14420705375388979,-2.089466717589797,84.0,2.089466717589797,1.9071089196774298
2022-01-11,4713.06982421875,0.9118286452399373,-1.9077529895734384,113.0,1.9077529895734384,2.089466717589797
2022-01-12,4726.35009765625,0.281379201466707,-1.582327955889558,96.0,1.582327955889558,1.9077529895734384
2022-01-13,4659.02978515625,-1.4346029234400532,-1.1755305718315232,69.0,1.1755305718315232,1.582327955889558
2022-01-14,4662.85009765625,0.08196442695905652,-1.793682496437525,98.0,1.793682496437525,1.1755305718315232
2022-01-18,4577.10986328125,-1.85591053980085,-1.64519595678199,86.0,1.64519595678199,1.793682496437525
2022-01-19,4532.759765625,-0.9736790941460195,-1.394731002031163,97.0,1.394731002031163,1.64519595678199
2022-01-20,4482.72998046875,-1.1098742304330733,-1.8735387378894734,113.0,1.8735387378894734,1.394731002031163
2022-01-21,4397.93994140625,-1.9095995324635426,-1.1923892266084626,96.0,1.1923892266084626,1.8735387378894734
2022-01-24,4410.1298828125,0.27679047582695165,-1.8025898702063496,109.0,1.8025898702063496,1.1923892266084626
2022-01-25,4356.4501953125,-1.2246590556866266,-1.141101570186745,89.0,1.141101570186745,1.8025898702063496
2022-01-26,4349.93017578125,-0.14977569258856588,-1.9014822360437613,86.0,1.9014822360437613,1.141101570186745
2022-01-27,4326.509765625,-0.5398635199970924,-1.3374061137366369,85.0,1.3374061137366369,1.9014822360437613
2022-01-28,4431.85009765625,2.4055967914736693,-1.9016897806080104,63.0,1.9016897806080104,1.3374061137366369
2022-01-31,4515.5498046875,1.8709826222984445,-1.457343091799542,65.0,1.457343091799542,1.9016897806080104
2022-02-01,4546.5400390625,0.6839560348317066,-1.9074581736569494,95.0,1.9074581736569494,1.457343091799542
2022-02-02,4589.3798828125,0.9378400448324454,-1.3950577214069917,84.0,1.3950577214069917,1.9074581736569494
2022-02-03,4477.43994140625,-2.4693471720120654,-1.0958039859742021,96.0,1.0958039859742021,1.3950577214069917
2022-02-04,4500.52978515625,0.5143678439863626,-1.5125135970404735,81.0,1.5125135970404735,1.0958039859742021
2022-02-07,4483.8701171875,-0.3708580927828488,-0.5608917617658116,83.0,0.5608917617658116,1.5125135970404735
2022-02-08,4521.5400390625,0.836611346663433,-1.2584618669446057,101.0,1.2584618669446057,0.5608917617658116
2022-02-09,4587.18017578125,1.4412842079264785,-1.2242222236840363,102.0,1.2242222236840363,1.2584618669446057
2022-02-10,4504.080078125,-1.828182448505601,-1.698814584716856,99.0,1.698814584716856,1.2242222236840363
2022-02-11,4418.64013671875,-1.9151682638086527,-1.6407738190280845,92.0,1.6407738190280845,1.698814584716856
2022-02-14,4401.669921875,-0.38479907556283144,-2.208178358135961,69.0,2.208178358135961,1.6407738190280845
2022-02-15,4471.06982421875,1.5643717646064172,-1.3412203542386874,121.0,1.3412203542386874,2.208178358135961
2022-02-16,4475.009765625,0.08808197202838003,-0.8532388848413514,87.0,0.8532388848413514,1.3412203542386874
2022-02-17,4380.259765625,-2.1400504136936647,-1.7658335874341675,88.0,1.7658335874341675,0.8532388848413514
2022-02-18,4348.8701171875,-0.7191961663866342,-2.1404096515602093,112.0,2.1404096515602093,1.7658335874341675
2022-02-22,4304.759765625,-1.0194735435016016,-1.5563742267826266,89.0,1.5563742267826266,2.1404096515602093
2022-02-23,4225.5,-1.858373574878844,-1.7587944253987624,108.0,1.7587944253987624,1.5563742267826266
2022-02-24,4288.7001953125,1.4846105252724002,-1.7943745715846444,105.0,1.7943745715846444,1.7587944253987624
2022-02-25,4384.64990234375,2.2126080551265788,-2.8382268878706207,61.0,2.8382268878706207,1.7943745715846444
2022-02-28,4373.93994140625,-0.24455914631261144,-1.7648472081659714,69.0,1.7648472081659714,2.8382268878706207
2022-03-01,4306.259765625,-1.5594467786613053,-1.674655898049387,105.0,1.674655898049387,1.7648472081659714
2022-03-02,4386.5400390625,1.8471046780652183,-2.0575901075981533,102.0,2.0575901075981533,1.674655898049387
2022-03-03,4363.490234375,-0.5268520744245652,-2.9730703359791075,88.0,2.9730703359791075,2.0575901075981533
2022-03-04,4328.8701171875,-0.7965684543001903,-1.627719169871768,65.0,1.627719169871768,2.9730703359791075
2022-03-07,4201.08984375,-2.9962586814416494,-1.6100204205438176,103.0,1.6100204205438176,1.627719169871768
2022-03-08,4170.7001953125,-0.7260043975698095,-1.2894245612554105,99.0,1.2894245612554105,1.6100204205438176
2022-03-09,4277.8798828125,2.537359812214112,-2.0580312132237077,56.0,2.0580312132237077,1.2894245612554105
2022-03-10,4259.52001953125,-0.43010499202472086,-1.6768747169713827,116.0,1.6768747169713827,2.0580312132237077
2022-03-11,4204.31005859375,-1.3046278933238145,-1.7353908042690722,85.0,1.7353908042690722,1.6768747169713827
2022-03-14,4173.10986328125,-0.7448675095533314,-1.056199234164431,83.0,1.056199234164431,1.7353908042690722
2022-03-15,4262.4501953125,2.1182629724144966,-2.0021282535178755,95.0,2.0021282535178755,1.056199234164431
2022-03-16,4357.85986328125,2.2136921648393444,-1.6906054814904534,93.0,1.6906054814904534,2.0021282535178755
2022-03-17,4411.669921875,1.2272205068700268,-1.504346854139933,95.0,1.504346854139933,1.6906054814904534
2022-03-18,4463.1201171875,1.1594814411888112,-1.7781058663640463,104.0,1.7781058663640463,1.504346854139933
2022-03-21,4461.18017578125,-0.043475485430145955,-1.9814803562499599,76.0,1.9814803562499599,1.7781058663640463
2022-03-22,4511.60986328125,1.1240699554074212,-1.3615335859650164,98.0,1.3615335859650164,1.9814803562499599
2022-03-23,4456.240234375,-1.2348630252495207,-1.8968930686616992,70.0,1.8968930686616992,1.3615335859650164
2022-03-24,4520.16015625,1.4242012281618024,-1.550527428056725,78.0,1.550527428056725,1.8968930686616992
2022-03-25,4543.06005859375,0.5053380704237665,-1.249249418142032,74.0,1.249249418142032,1.550527428056725
2022-03-28,4575.52001953125,0.7119551020042568,-0.4671554277573812,76.0,0.4671554277573812,1.249249418142032
2022-03-29,4631.60009765625,1.218204410139109,-1.8175183188981947,110.0,1.8175183188981947,0.4671554277573812
2022-03-30,4602.4501953125,-0.6313588999088777,-1.8062761699380954,86.0,1.8062761699380954,1.8175183188981947
2022-03-31,4530.41015625,-1.5776335226881761,-1.5489770251020156,81.0,1.5489770251020156,1.8062761699380954
2022-04-01,4545.85986328125,0.3404420961463028,-1.3982314977721635,62.0,1.3982314977721635,1.5489770251020156
2022-04-04,4582.64013671875,0.8058382532133648,-1.5860951274907635,88.0,1.5860951274907635,1.3982314977721635
2022-04-05,4525.1201171875,-1.2631159074005371,-1.2053181965855437,100.0,1.2053181965855437,1.5860951274907635
2022-04-06,4481.14990234375,-0.9764433912479722,-1.7250916005950159,79.0,1.7250916005950159,1.2053181965855437
2022-04-07,4500.2099609375,0.4244365552037262,-1.4037039405424272,82.0,1.4037039405424272,1.7250916005950159
2022-04-08,4488.27978515625,-0.26545466755523944,-1.1239568918264622,73.0,1.1239568918264622,1.4037039405424272
2022-04-11,4412.52978515625,-1.7021334584696128,-1.7657834887178079,66.0,1.7657834887178079,1.1239568918264622
2022-04-12,4397.4501953125,-0.3423300530452235,-1.4986944807603082,90.0,1.4986944807603082,1.7657834887178079
2022-04-13,4446.58984375,1.1112603268901935,-1.741016105271599,105.0,1.741016105271599,1.4986944807603082
2022-04-14,4392.58984375,-1.2218480383508163,-1.502171307858365,86.0,1.502171307858365,1.741016105271599
2022-04-18,4391.68994140625,-0.02048892724065068,-1.2520025560831918,62.0,1.2520025560831918,1.502171307858365
2022-04-19,4462.2099609375,1.5930044749386651,-1.3341756677448786,85.0,1.3341756677448786,1.2520025560831918
2022-04-20,4459.4501953125,-0.06186664061825758,-0.5921339994770556,65.0,0.5921339994770556,1.3341756677448786
2022-04-21,4393.66015625,-1.4862855551311067,-1.4249583258323135,74.0,1.4249583258323135,0.5921339994770556
2022-04-22,4271.77978515625,-2.8132076377366966,-1.5830230770828835,91.0,1.5830230770828835,1.4249583258323135
2022-04-25,4296.1201171875,0.5681765144111809,-1.6789166990123225,120.0,1.6789166990123225,1.5830230770828835
2022-04-26,4175.2001953125,-2.8550008928597754,-0.877136836497511,89.0,0.877136836497511,1.6789166990123225
2022-04-27,4183.9599609375,0.20958490249645953,-0.8734187467232156,81.0,0.8734187467232156,0.877136836497511
2022-04-28,4287.5,2.4445655340832175,-2.530887618695301,52.0,2.530887618695301,0.8734187467232156
2022-04-29,4131.93017578125,-3.6959159784694147,-1.9317450014704942,96.0,1.9317450014704942,2.530887618695301
2022-05-02,4155.3798828125,0.5659199293818601,-1.2682329106858694,94.0,1.2682329106858694,1.9317450014704942
2022-05-03,4175.47998046875,0.4825465075359521,-1.7613350390849223,102.0,1.7613350390849223,1.2682329106858694
2022-05-04,4300.169921875,2.942522155732583,-1.8519125914341503,92.0,1.8519125914341503,1.7613350390849223
2022-05-05,4146.8701171875,-3.630067756409906,-1.6400967350756326,80.0,1.6400967350756326,1.8519125914341503
2022-05-06,4123.33984375,-0.569038441395277,-2.4643275793140145,106.0,2.4643275793140145,1.6400967350756326
2022-05-09,3991.239990234375,-3.256151953960419,-1.655015395025432,63.0,1.655015395025432,2.4643275793140145
2022-05-10,4001.050048828125,0.2454881760409255,-1.724649059621961,70.0,1.724649059621961,1.655015395025432
2022-05-11,3935.179931640625,-1.6600232095697796,-1.1203168767243814,83.0,1.1203168767243814,1.724649059621961
2022-05-12,3930.080078125,-0.12968049941124407,-2.381527028753249,52.0,2.381527028753249,1.1203168767243814
2022-05-13,4023.889892578125,2.358926795686944,-1.5099363636991951,60.0,1.5099363636991951,2.381527028753249
2022-05-16,4008.010009765625,-0.3954208517722458,-0.5308604521747646,55.0,0.5308604521747646,1.5099363636991951
2022-05-17,4088.85009765625,1.996891958146264,-1.2298909582044795,91.0,1.2298909582044795,0.5308604521747646
2022-05-18,3923.679931640625,-4.123380929124887,-1.3035469483220372,66.0,1.3035469483220372,1.2298909582044795
2022-05-19,3900.7900390625,-0.585086477734781,-1.8295280167493049,72.0,1.8295280167493049,1.3035469483220372
2022-05-20,3901.360107421875,0.01461310919903067,-1.5542762506093943,55.0,1.5542762506093943,1.8295280167493049
2022-05-23,3973.75,1.8384995412060758,-1.3564977085413825,107.0,1.3564977085413825,1.5542762506093943
2022-05-24,3941.47998046875,-0.815395090355808,-1.467452871006833,65.0,1.467452871006833,1.3564977085413825
2022-05-25,3978.72998046875,0.9406385648931586,-2.45753126047886,72.0,2.45753126047886,1.467452871006833
2022-05-26,4057.840087890625,1.9688166007720866,-0.6893475219744577,86.0,0.6893475219744577,2.45753126047886
2022-05-27,4158.240234375,2.4441130195822014,-1.2535535873649253,94.0,1.2535535873649253,0.6893475219744577
2022-05-31,4132.14990234375,-0.6294135193666944,-1.6987302779718398,113.0,1.6987302779718398,1.2535535873649253
2022-06-01,4101.22998046875,-0.751090504115545,-1.7688844836512567,121.0,1.7688844836512567,1.6987302779718398
2022-06-02,4176.81982421875,1.8263225415545106,-2.413628489575701,80.0,2.413628489575701,1.7688844836512567
2022-06-03,4108.5400390625,-1.6482405609817057,-1.0384903935298178,68.0,1.0384903935298178,2.413628489575701
2022-06-06,4121.43017578125,0.31324894070360254,-1.7096731866311108,85.0,1.7096731866311108,1.0384903935298178
2022-06-07,4160.68017578125,0.9478331531719839,-1.5932860585765234,93.0,1.5932860585765234,1.7096731866311108
2022-06-08,4115.77001953125,-1.0852623040155318,-1.8517847223173889,79.0,1.8517847223173889,1.5932860585765234
2022-06-09,4017.820068359375,-2.408645766515553,-1.4024196219544394,74.0,1.4024196219544394,1.8517847223173889
2022-06-10,3900.860107421875,-2.9542414811409476,-1.9413023791541808,89.0,1.9413023791541808,1.4024196219544394
2022-06-13,3749.6298828125,-3.9539931990039934,-1.7932627656950642,113.0,1.7932627656950642,1.9413023791541808
2022-06-14,3735.47998046875,-0.3780818039489633,-1.4558564916370627,86.0,1.4558564916370627,1.7932627656950642
2022-06-15,3789.989990234375,1.4487058836534477,-1.2752474396275433,90.0,1.2752474396275433,1.4558564916370627
2022-06-16,3666.77001953125,-3.3052207113840666,-1.5295051826806225,36.0,1.5295051826806225,1.2752474396275433
2022-06-17,3674.840087890625,0.21984473410133873,-1.1606589872968263,62.0,1.1606589872968263,1.5295051826806225
2022-06-21,3764.7900390625,2.4182474960671994,-0.7350942678942326,83.0,0.7350942678942326,1.1606589872968263
2022-06-22,3759.889892578125,-0.13024200953574458,-1.7846176681115347,81.0,1.7846176681115347,0.7350942678942326
2022-06-23,3795.72998046875,0.9487072485556519,-1.1726319413041206,24.0,1.1726319413041206,1.7846176681115347
2022-06-24,3911.739990234375,3.0105539729901034,-2.2256441681105166,45.0,2.2256441681105166,1.1726319413041206
2022-06-27,3900.110107421875,-0.2977499890340672,-1.544726913829287,81.0,1.544726913829287,2.2256441681105166
2022-06-28,3821.550048828125,-2.03486731494949,-1.730164876429167,113.0,1.730164876429167,1.544726913829287
2022-06-29,3818.830078125,-0.07119988201726958,-1.2894182813863122,69.0,1.2894182813863122,1.730164876429167
2022-06-30,3785.3798828125,-0.8797866246367652,-1.5901930323792155,60.0,1.5901930323792155,1.2894182813863122
2022-07-01,3825.330078125,1.0498511296639172,-1.1848523090934608,89.0,1.1848523090934608,1.5901930323792155
2022-07-05,3831.389892578125,0.15828751061934918,-1.3509583400093261,91.0,1.3509583400093261,1.1848523090934608
2022-07-06,3845.080078125,0.35667957050661786,-1.6897848623617944,94.0,1.6897848623617944,1.3509583400093261
2022-07-07,3902.6201171875,1.4853723180930392,-1.589966431157724,80.0,1.589966431157724,1.6897848623617944
2022-07-08,3899.3798828125,-0.083061639612735,-1.6672644913691677,62.0,1.6672644913691677,1.589966431157724
2022-07-11,3854.429931640625,-1.1594417660525544,-1.5899455792721597,85.0,1.5899455792721597,1.6672644913691677
2022-07-12,3818.800048828125,-0.928686849749371,-1.477084409545877,107.0,1.477084409545877,1.5899455792721597
2022-07-13,3801.780029296875,-0.446686411181668,-1.5135039000106099,91.0,1.5135039000106099,1.477084409545877
2022-07-14,3790.3798828125,-0.3003138812764307,-1.5730431294064287,94.0,1.5730431294064287,1.5135039000106099
2022-07-15,3863.159912109375,1.9019231658633642,-2.3408932298642076,78.0,2.3408932298642076,1.5730431294064287
2022-07-18,3830.85009765625,-0.8398742485835936,-2.2120054561533755,80.0,2.2120054561533755,2.3408932298642076
2022-07-19,3936.68994140625,2.725351764373082,-1.665429376059403,86.0,1.665429376059403,2.2120054561533755
2022-07-20,3959.89990234375,0.5878493941057167,-0.6838517203199859,92.0,0.6838517203199859,1.665429376059403
2022-07-21,3998.949951171875,0.9813066689504669,-1.6112237945528785,82.0,1.6112237945528785,0.6838517203199859
2022-07-22,3961.6298828125,-0.9376287293813849,-2.0834493836839085,73.0,2.0834493836839085,1.6112237945528785
2022-07-25,3966.840087890625,0.1314302973305868,-1.8005531022021344,106.0,1.8005531022021344,2.0834493836839085
2022-07-26,3921.050048828125,-1.161034259926336,-1.191062063911568,105.0,1.191062063911568,1.8005531022021344
2022-07-27,4023.610107421875,2.5820048778629068,-1.793865205767755,101.0,1.793865205767755,1.191062063911568
2022-07-28,4072.429931640625,1.2060319791912806,-1.8583842248712195,94.0,1.8583842248712195,1.793865205767755
2022-07-29,4130.2900390625,1.4107775781753558,-2.1454805079972767,69.0,2.1454805079972767,1.8583842248712195
2022-08-01,4118.6298828125,-0.2827076544916728,-1.5479724915810253,91.0,1.5479724915810253,2.1454805079972767
2022-08-02,4091.18994140625,-0.668468837887098,-1.4962741781583608,110.0,1.4962741781583608,1.5479724915810253
2022-08-03,4155.169921875,1.5517456270090708,-1.164592320682882,71.0,1.164592320682882,1.4962741781583608
2022-08-04,4151.93994140625,-0.07776424495837733,-2.4550378958565715,77.0,2.4550378958565715,1.164592320682882
2022-08-05,4145.18994140625,-0.16270690189191195,-2.7946420860727748,73.0,2.7946420860727748,2.4550378958565715
2022-08-08,4140.06005859375,-0.12383171221209141,-1.7010141203829205,96.0,1.7010141203829205,2.7946420860727748
2022-08-09,4122.47021484375,-0.4257744235926498,-1.1037738425482553,124.0,1.1037738425482553,1.7010141203829205
2022-08-10,4210.240234375,2.10671584604075,-1.7730523265844582,94.0,1.7730523265844582,1.1037738425482553
2022-08-11,4207.27001953125,-0.07057229222018176,-0.8739506462484522,80.0,0.8739506462484522,1.7730523265844582
2022-08-12,4280.14990234375,1.7174046951492667,-2.2854686199794627,106.0,2.2854686199794627,0.8739506462484522
2022-08-15,4297.14013671875,0.3961684056233163,-1.2153566637009174,88.0,1.2153566637009174,2.2854686199794627
2022-08-16,4305.2001953125,0.18739228259478627,-1.8455417195152914,68.0,1.8455417195152914,1.2153566637009174
2022-08-17,4274.0400390625,-0.726411486764802,-1.2865762753769168,100.0,1.2865762753769168,1.8455417195152914
2022-08-18,4283.740234375,0.22669896063847975,-1.471392201072421,72.0,1.471392201072421,1.2865762753769168
2022-08-19,4228.47998046875,-1.2983928713038868,-1.3080962448741618,66.0,1.3080962448741618,1.471392201072421
2022-08-22,4137.990234375,-2.1632366466494566,-1.7976644569100322,82.0,1.7976644569100322,1.3080962448741618
2022-08-23,4128.72998046875,-0.22403704344374642,-2.176223084157968,74.0,2.176223084157968,1.7976644569100322
2022-08-24,4140.77001953125,0.2911916698724165,-1.7864320411324834,90.0,1.7864320411324834,2.176223084157968
2022-08-25,4199.1201171875,1.3993241836107049,-1.2111123078464876,101.0,1.2111123078464876,1.7864320411324834
2022-08-26,4057.659912109375,-3.4268576317039523,-1.235290276365516,64.0,1.235290276365516,1.2111123078464876
2022-08-29,4030.610107421875,-0.6688675197324806,-1.3241762935574375,94.0,1.3241762935574375,1.235290276365516
2022-08-30,3986.159912109375,-1.1089416492117008,-1.834700800359959,80.0,1.834700800359959,1.3241762935574375
2022-08-31,3955.0,-0.7847738208153028,-1.9079511892223844,91.0,1.9079511892223844,1.834700800359959
2022-09-01,3966.85009765625,0.29917522671948715,-1.204187314512913,88.0,1.204187314512913,1.9079511892223844
2022-09-02,3924.260009765625,-1.0794552570724387,-1.8750749122965253,32.0,1.8750749122965253,1.204187314512913
2022-09-06,3908.18994140625,-0.41034646908951433,-1.050475664306057,89.0,1.050475664306057,1.8750749122965253
2022-09-07,3979.8701171875,1.8174848666169876,-2.1026424624604885,64.0,2.1026424624604885,1.050475664306057
2022-09-08,4006.179931640625,0.6588966880442448,-1.5206446717187823,85.0,1.5206446717187823,2.1026424624604885
2022-09-09,4067.360107421875,1.5156014981211057,0.008045215124142985,81.0,-0.008045215124142985,1.5206446717187823
2022-09-12,4110.41015625,1.0528651483995635,-1.1747124779122482,110.0,1.1747124779122482,-0.008045215124142985
2022-09-13,3932.68994140625,-4.4199163031974065,-1.334188389168627,129.0,1.334188389168627,1.1747124779122482
2022-09-14,3946.010009765625,0.33812890788447153,-1.1191972569979,99.0,1.1191972569979,1.334188389168627
2022-09-15,3901.35009765625,-1.1382272168149512,-1.2067902842640816,93.0,1.2067902842640816,1.1191972569979
2022-09-16,3873.330078125,-0.7208049775663176,-1.333160922141639,105.0,1.333160922141639,1.2067902842640816
2022-09-19,3899.889892578125,0.6833697724705768,-0.7564205630020654,78.0,0.7564205630020654,1.333160922141639
2022-09-20,3855.929931640625,-1.1336114736600402,-1.5114666978655313,96.0,1.5114666978655313,0.7564205630020654
2022-09-21,3789.929931640625,-1.726467409850635,-3.1714318359229634,70.0,3.1714318359229634,1.5114666978655313
2022-09-22,3757.989990234375,-0.8463293830453985,-1.9679864933455635,113.0,1.9679864933455635,3.1714318359229634
2022-09-23,3693.22998046875,-1.7382828767330778,-1.8483245246665763,97.0,1.8483245246665763,1.9679864933455635
2022-09-26,3655.0400390625,-1.0394360890280503,-1.554193542134575,82.0,1.554193542134575,1.8483245246665763
2022-09-27,3647.2900390625,-0.21226109548247285,-0.9761242926987045,102.0,0.9761242926987045,1.554193542134575
2022-09-28,3719.0400390625,1.9481144181152357,-1.6116746380689904,92.0,1.6116746380689904,0.9761242926987045
2022-09-29,3640.469970703125,-2.13527948230975,-1.5803973141988974,81.0,1.5803973141988974,1.6116746380689904
2022-09-30,3585.6201171875,-1.5181351546209298,-1.0777440875007023,74.0,1.0777440875007023,1.5803973141988974
2022-10-03,3678.429931640625,2.555457753093017,-0.5841170516696326,105.0,0.5841170516696326,1.0777440875007023
2022-10-04,3790.929931640625,3.0125341416799833,-0.5611542004730249,101.0,0.5611542004730249,0.5841170516696326
2022-10-05,3783.280029296875,-0.20199875589381175,-0.6283042342857897,102.0,0.6283042342857897,0.5611542004730249
2022-10-06,3744.52001953125,-1.02979229113952,-2.4121405336414856,107.0,2.4121405336414856,0.6283042342857897
2022-10-07,3639.659912109375,-2.8403196531478057,-1.499091628426771,122.0,1.499091628426771,2.4121405336414856
2022-10-10,3612.389892578125,-0.7520673133652772,-2.0030757262127583,78.0,2.0030757262127583,1.499091628426771
2022-10-11,3588.840087890625,-0.6540518412323781,-1.6801605060394456,103.0,1.6801605060394456,2.0030757262127583
2022-10-12,3577.030029296875,-0.3296199650166294,-1.4365279273098097,90.0,1.4365279273098097,1.6801605060394456
2022-10-13,3669.909912109375,2.5634259307631133,-1.4262414086657607,94.0,1.4262414086657607,1.4365279273098097
2022-10-14,3583.070068359375,-2.394712074452842,-1.4838151365754484,111.0,1.4838151365754484,1.4262414086657607
2022-10-17,3677.949951171875,2.6135524557561847,-1.944118618523533,74.0,1.944118618523533,1.4838151365754484
2022-10-18,3719.97998046875,1.1362768207087461,-1.4710780052195236,109.0,1.4710780052195236,1.944118618523533
2022-10-19,3695.159912109375,-0.6694455239684375,-1.2931259211321633,98.0,1.2931259211321633,1.4710780052195236
2022-10-20,3665.780029296875,-0.7982686738766697,-1.5678087998191093,77.0,1.5678087998191093,1.2931259211321633
2022-10-21,3752.75,2.3447759860447266,-1.4423333709603812,79.0,1.4423333709603812,1.5678087998191093
2022-10-24,3797.340087890625,1.1811940205111493,-1.7458740341379544,72.0,1.7458740341379544,1.4423333709603812
2022-10-25,3859.110107421875,1.6135770015874957,-2.080525137670423,89.0,2.080525137670423,1.7458740341379544
2022-10-26,3830.60009765625,-0.7415140398989886,-1.7619478995880735,125.0,1.7619478995880735,2.080525137670423
2022-10-27,3807.300048828125,-0.6101185053184452,-1.0958458111805252,117.0,1.0958458111805252,1.7619478995880735
2022-10-28,3901.06005859375,2.4328036770856336,-1.7632526161617954,61.0,1.7632526161617954,1.0958458111805252
2022-10-31,3871.97998046875,-0.7482327030336412,-1.2258482862547753,97.0,1.2258482862547753,1.7632526161617954
2022-11-01,3856.10009765625,-0.41096637203590053,-1.349262580095505,117.0,1.349262580095505,1.2258482862547753
2022-11-02,3759.68994140625,-2.5319843737482883,-0.8837132876124284,68.0,0.8837132876124284,1.349262580095505
2022-11-03,3719.889892578125,-1.0642422531956597,-1.7704393167982229,110.0,1.7704393167982229,0.8837132876124284
2022-11-04,3770.550048828125,1.352682328556395,-1.3699033045119786,66.0,1.3699033045119786,1.7704393167982229
2022-11-07,3806.800048828125,0.9568061679359139,-1.749268589706385,95.0,1.749268589706385,1.3699033045119786
2022-11-08,3828.110107421875,0.5582282828760321,-1.8708224443288808,88.0,1.8708224443288808,1.749268589706385
2022-11-09,3748.570068359375,-2.0996784712303445,-0.8985309783883437,145.0,0.8985309783883437,1.8708224443288808
2022-11-10,3956.3701171875,5.395251566479769,-1.2186641997635326,100.0,1.2186641997635326,0.8985309783883437
2022-11-15,3991.72998046875,0.8675376414669187,-1.3833598438081631,104.0,1.3833598438081631,1.3917272783180692
2022-11-16,3958.7900390625,-0.8286283111873759,-1.3884434227439115,104.0,1.3884434227439115,1.3833598438081631
2022-11-17,3946.56005859375,-0.30941046442292836,-1.447503134939644,90.0,1.447503134939644,1.3884434227439115
2022-11-18,3965.340087890625,0.47472956481582096,-2.091558222362162,103.0,2.091558222362162,1.447503134939644
2022-11-21,3949.93994140625,-0.3891249800275618,-1.3162118522520472,78.0,1.3162118522520472,2.091558222362162
2022-11-22,4003.580078125,1.3488606269828392,-1.2975424379363198,82.0,1.2975424379363198,1.3162118522520472
2022-11-23,4027.260009765625,0.5897266041738312,-1.812801267717921,70.0,1.812801267717921,1.2975424379363198
2022-11-25,4026.1201171875,-0.02830842622024787,-1.094731759917043,45.0,1.094731759917043,1.812801267717921
2022-11-28,3963.93994140625,-1.5564696794064814,-0.5076832823822771,88.0,0.5076832823822771,1.094731759917043
2022-11-29,3957.6298828125,-0.15931337016243705,-1.6490715620736185,75.0,1.6490715620736185,0.5076832823822771
2022-11-30,4080.110107421875,3.0478643521294946,-1.1245113175318828,106.0,1.1245113175318828,1.6490715620736185
2022-12-01,4076.570068359375,-0.0868009829606589,-1.5006399371511352,109.0,1.5006399371511352,1.1245113175318828
2022-12-02,4071.699951171875,-0.11953746637614611,-1.7650306399327005,87.0,1.7650306399327005,1.5006399371511352
2022-12-05,3998.840087890625,-1.8056249630972219,-1.4099386784204644,64.0,1.4099386784204644,1.7650306399327005
2022-12-06,3941.260009765625,-1.4503869422986058,-0.7890459182345547,75.0,0.7890459182345547,1.4099386784204644
2022-12-07,3933.919921875,-0.1864107253381664,-1.8149229565060843,103.0,1.8149229565060843,0.7890459182345547
2022-12-08,3963.510009765625,0.7493634413933238,-1.3937270105955033,92.0,1.3937270105955033,1.8149229565060843
2022-12-09,3934.3798828125,-0.7376719464213213,-1.3558462309417407,83.0,1.3558462309417407,1.3937270105955033
2022-12-12,3990.56005859375,1.4178307299650028,-1.386050000595255,79.0,1.386050000595255,1.3558462309417407
2022-12-13,4019.64990234375,0.7263223255457212,-0.8392422172498086,101.0,0.8392422172498086,1.386050000595255
2022-12-14,3995.320068359375,-0.6071116623835963,-0.7578258888202731,63.0,0.7578258888202731,0.8392422172498086
2022-12-15,3895.75,-2.523747790182607,-1.6658163329870581,61.0,1.6658163329870581,0.7578258888202731
2022-12-16,3852.360107421875,-1.1200239946011676,-1.1498457352232574,70.0,1.1498457352232574,1.6658163329870581
2022-12-19,3817.659912109375,-0.90483289411038,-1.2330074009811582,62.0,1.2330074009811582,1.1498457352232574
2022-12-20,3821.6201171875,0.10368006978907691,-1.7148618749014015,114.0,1.7148618749014015,1.2330074009811582
2022-12-21,3878.43994140625,1.4758548669054294,-1.2463375007793616,85.0,1.2463375007793616,1.7148618749014015
2022-12-22,3822.389892578125,-1.4557142498145654,-1.7505440120631306,78.0,1.7505440120631306,1.2463375007793616
2022-12-23,3844.820068359375,0.5850952271915072,-0.8068958219653883,74.0,0.8068958219653883,1.7505440120631306
2022-12-27,3829.25,-0.40578440346594774,-1.3076883237863002,38.0,1.3076883237863002,0.8068958219653883
2022-12-28,3783.219970703125,-1.2093470442948606,-1.2861734342935642,84.0,1.2861734342935642,1.3076883237863002
2022-12-29,3849.280029296875,1.731063431499432,-2.8649743619397694,54.0,2.8649743619397694,1.2861734342935642
2022-12-30,3839.5,-0.2543975646110833,-2.0701960249431695,92.0,2.0701960249431695,2.8649743619397694
2023-01-03,3824.139892578125,-0.4008572481273608,-1.7828801495294322,55.0,1.7828801495294322,2.0701960249431695
2023-01-04,3852.969970703125,0.7510694562138917,-1.1406270705591222,89.0,1.1406270705591222,1.7828801495294322
2023-01-05,3808.10009765625,-1.1713869136457158,-1.1996396804252758,105.0,1.1996396804252758,1.1406270705591222
2023-01-06,3895.080078125,2.258383558903089,-1.3716697924111958,90.0,1.3716697924111958,1.1996396804252758
2023-01-09,3892.090087890625,-0.07679273259905782,-2.0990861357282133,75.0,2.0990861357282133,1.3716697924111958
2023-01-10,3919.25,0.6953997970593733,-1.3858002993571186,86.0,1.3858002993571186,2.0990861357282133
2023-01-11,3969.610107421875,1.2767571192293676,-1.3656695173332336,94.0,1.3656695173332336,1.3858002993571186
2023-01-12,3983.169921875,0.341008491204273,-2.255661081575037,77.0,2.255661081575037,1.3656695173332336
2023-01-13,3999.090087890625,0.3988892144656051,-1.407807064846226,77.0,1.407807064846226,2.255661081575037
2023-01-17,3990.969970703125,-0.2032555430996314,-1.1447099666940768,100.0,1.1447099666940768,1.407807064846226
2023-01-18,3928.860107421875,-1.5684966977744674,-2.1766318133198674,84.0,2.1766318133198674,1.1447099666940768
2023-01-19,3898.85009765625,-0.7667671901812427,-2.194542883103541,95.0,2.194542883103541,2.1766318133198674
2023-01-20,3972.610107421875,1.874167355235196,-1.20215993324864,85.0,1.20215993324864,2.194542883103541
2023-01-23,4019.81005859375,1.1811315951328556,-1.8058570998495853,60.0,1.8058570998495853,1.20215993324864
2023-01-24,4016.949951171875,-0.07117563642918193,-1.7533130128144527,109.0,1.7533130128144527,1.8058570998495853
2023-01-25,4016.219970703125,-0.01817415734656632,-1.2849491238391497,68.0,1.2849491238391497,1.7533130128144527
2023-01-26,4060.429931640625,1.0947708029114303,-1.5765003057839553,109.0,1.5765003057839553,1.2849491238391497
2023-01-27,4070.56005859375,0.2491734021703855,-2.077671498818017,68.0,2.077671498818017,1.5765003057839553
2023-01-30,4017.77001953125,-1.3053569315292664,-2.315732746310135,87.0,2.315732746310135,2.077671498818017
2023-01-31,4076.60009765625,1.4536304416419528,-2.8401140540489123,74.0,2.8401140540489123,2.315732746310135
2023-02-01,4119.2099609375,1.039805629688473,-1.667642108709749,95.0,1.667642108709749,2.8401140540489123
2023-02-02,4179.759765625,1.4592384626854378,-1.7318149642665308,129.0,1.7318149642665308,1.667642108709749
2023-02-03,4136.47998046875,-1.0408592637285454,-1.3348000276919803,118.0,1.3348000276919803,1.7318149642665308
2023-02-06,4111.080078125,-0.6159393193939262,-0.961853121112574,90.0,0.961853121112574,1.3348000276919803
2023-02-07,4164.0,1.2790364037397075,-2.900543966458857,118.0,2.900543966458857,0.961853121112574
2023-02-08,4117.85986328125,-1.1142573012411352,-1.800782890056196,132.0,1.800782890056196,2.900543966458857
2023-02-09,4081.5,-0.8869009831037385,-1.7009210561562838,134.0,1.7009210561562838,1.800782890056196
2023-02-10,4090.4599609375,0.21928557092171275,-1.47931043194568,119.0,1.47931043194568,1.7009210561562838
2023-02-13,4137.2900390625,1.1383569951155146,-1.2874867681740159,57.0,1.2874867681740159,1.47931043194568
2023-02-14,4136.1298828125,-0.02804538554937624,-1.373050326735369,121.0,1.373050326735369,1.2874867681740159
2023-02-15,4147.60009765625,0.2769337533076689,-1.5488885932973437,107.0,1.5488885932973437,1.373050326735369
2023-02-16,4090.409912109375,-1.3884689204881606,-1.7911241670660183,117.0,1.7911241670660183,1.5488885932973437
2023-02-17,4079.090087890625,-0.2771242172282734,-0.8967542827914179,126.0,0.8967542827914179,1.7911241670660183
2023-02-21,3997.340087890625,-2.0244783973471696,-1.1188615103795696,98.0,1.1188615103795696,0.8967542827914179
2023-02-22,3991.050048828125,-0.15747954856433838,-1.3917479711267726,110.0,1.3917479711267726,1.1188615103795696
2023-02-23,4012.320068359375,0.5315278263237728,-2.1737345391651743,114.0,2.1737345391651743,1.3917479711267726
2023-02-24,3970.0400390625,-1.0593464619774184,-1.4430020360003646,114.0,1.4430020360003646,2.1737345391651743
2023-02-27,3982.239990234375,0.30682925395522775,-0.9163837583713637,89.0,0.9163837583713637,1.4430020360003646
2023-02-28,3970.14990234375,-0.30406198309477117,-1.4314520814066696,114.0,1.4314520814066696,0.9163837583713637
2023-03-01,3951.389892578125,-0.4736464203492832,-0.9176196339727134,122.0,0.9176196339727134,1.4314520814066696
2023-03-02,3981.35009765625,0.7553593731195973,-0.8719588972645128,129.0,0.8719588972645128,0.9176196339727134
2023-03-03,4045.639892578125,1.601874917648306,-0.9593280576745912,122.0,0.9593280576745912,0.8719588972645128
2023-03-06,4048.419921875,0.06869307788483012,-0.9476839502639431,103.0,0.9476839502639431,0.9593280576745912
2023-03-07,3986.3701171875,-1.5445590479262548,-1.4592429823573532,123.0,1.4592429823573532,0.9476839502639431
2023-03-08,3992.010009765625,0.1413794135603272,-1.528637232171289,128.0,1.528637232171289,1.4592429823573532
2023-03-09,3918.320068359375,-1.8631857945482353,-1.8241530322621484,123.0,1.8241530322621484,1.528637232171289
2023-03-10,3861.590087890625,-1.458396943606664,-1.5770367111200245,109.0,1.5770367111200245,1.8241530322621484
2023-03-13,3855.760009765625,-0.15109018407387678,-1.1035155111283594,97.0,1.1035155111283594,1.5770367111200245
2023-03-14,3919.2900390625,1.6342388235363665,-1.325206536155504,124.0,1.325206536155504,1.1035155111283594
2023-03-15,3891.929931640625,-0.7005363929353597,-1.6557786624298927,118.0,1.6557786624298927,1.325206536155504
2023-03-16,3960.280029296875,1.7409576249031722,-1.4148394996114004,128.0,1.4148394996114004,1.6557786624298927
2023-03-17,3916.639892578125,-1.1080621273953701,-0.9922930986273545,108.0,0.9922930986273545,1.4148394996114004
2023-03-20,3951.570068359375,0.8878869635940854,-2.146830305289871,107.0,2.146830305289871,0.9922930986273545
2023-03-21,4002.8701171875,1.2898647518559103,-1.4284143207847158,126.0,1.4284143207847158,2.146830305289871
2023-03-22,3936.969970703125,-1.6600248639842885,-0.5424208739992303,3.0,0.5424208739992303,1.4284143207847158
2023-03-23,3948.719970703125,0.2980083869182423,-0.9096663888318011,103.0,0.9096663888318011,0.5424208739992303
2023-03-24,3970.989990234375,0.5623963084303207,-1.0250901424648706,239.0,1.0250901424648706,0.9096663888318011
2023-03-27,3977.530029296875,0.1645599563767083,-1.2320039997891483,185.0,1.2320039997891483,1.0250901424648706
2023-03-28,3971.27001953125,-0.15750832883878865,-1.35637592499163,207.0,1.35637592499163,1.2320039997891483
2023-03-29,4027.81005859375,1.4136870775046801,-1.3544875916996502,228.0,1.3544875916996502,1.35637592499163
2023-03-30,4050.830078125,0.5698999199482653,-1.262208166545941,200.0,1.262208166545941,1.3544875916996502
2023-03-31,4109.31005859375,1.4333327782036556,-1.8484407901158062,215.0,1.8484407901158062,1.262208166545941
2023-04-03,4124.509765625,0.36920225658028233,-0.835948775000068,168.0,0.835948775000068,1.8484407901158062
2023-04-04,4100.60009765625,-0.5813839745162528,-1.0177825147827178,207.0,1.0177825147827178,0.835948775000068
2023-04-05,4090.3798828125,-0.2495481657121423,-1.4956316827821727,191.0,1.4956316827821727,1.0177825147827178
2023-04-06,4105.02001953125,0.3572773132803247,-1.9302075080408472,204.0,1.9302075080408472,1.4956316827821727
2023-04-10,4109.10986328125,0.09958070170100844,-1.136433314588275,156.0,1.136433314588275,1.9302075080408472
2023-04-11,4108.93994140625,-0.0041353332983520815,-1.0021933171060071,211.0,1.0021933171060071,1.136433314588275
2023-04-12,4091.949951171875,-0.4143456323461385,-1.477494359621797,214.0,1.477494359621797,1.0021933171060071
2023-04-13,4146.22021484375,1.3175510497831548,-1.1703609987440815,217.0,1.1703609987440815,1.477494359621797
2023-04-14,4137.64013671875,-0.20715175845779887,-1.1789147293455677,182.0,1.1789147293455677,1.1703609987440815
2023-04-17,4151.31982421875,0.33007035826147535,-1.4945984792576854,163.0,1.4945984792576854,1.1789147293455677
2023-04-18,4154.8701171875,0.08548548034659753,-1.4415129209935302,189.0,1.4415129209935302,1.4945984792576854
2023-04-19,4154.52001953125,-0.008426554793962825,-0.9243898440010031,206.0,0.9243898440010031,1.4415129209935302
2023-04-20,4129.7900390625,-0.597033518831113,-1.7411185853427742,223.0,1.7411185853427742,0.9243898440010031
2023-04-21,4133.52001953125,0.0902781257300886,-1.448280961369563,202.0,1.448280961369563,1.7411185853427742
2023-04-24,4137.0400390625,0.08512167782723126,-0.9170428688370726,159.0,0.9170428688370726,1.448280961369563
2023-04-25,4071.6298828125,-1.593718381857645,-0.9254126667620337,210.0,0.9254126667620337,0.9170428688370726
2023-04-26,4055.989990234375,-0.38485835033448756,-1.0723608521329313,172.0,1.0723608521329313,0.9254126667620337
2023-04-27,4135.35009765625,1.9377193402696355,-1.2866379951521263,216.0,1.2866379951521263,1.0723608521329313
2023-04-28,4169.47998046875,0.8219331313243468,-0.7127474908416268,205.0,0.7127474908416268,1.2866379951521263
2023-05-01,4167.8701171875,-0.03861810485107871,-0.9597953174938229,165.0,0.9597953174938229,0.7127474908416268
2023-05-02,4119.580078125,-1.1653906680571788,-0.6720997293845712,215.0,0.6720997293845712,0.9597953174938229
2023-05-03,4090.75,-0.7022908054892971,-1.4353093878887917,208.0,1.4353093878887917,0.6720997293845712
2023-05-04,4061.219970703125,-0.7244913455062743,-1.349257806829174,233.0,1.349257806829174,1.4353093878887917
2023-05-05,4136.25,1.8306166381879798,-1.0483885626440173,212.0,1.0483885626440173,1.349257806829174
2023-05-08,4138.1201171875,0.045202648488206564,-1.3777187399525903,161.0,1.3777187399525903,1.0483885626440173
2023-05-09,4119.169921875,-0.4589938949059595,-0.9157402845423596,203.0,0.9157402845423596,1.3777187399525903
2023-05-10,4137.64013671875,0.4473942241914432,-1.5828044533595271,220.0,1.5828044533595271,0.9157402845423596
2023-05-11,4130.6201171875,-0.16980648897067582,-1.6790300519535184,219.0,1.6790300519535184,1.5828044533595271
2023-05-12,4124.080078125,-0.15845615894390477,-1.0941254158036202,214.0,1.0941254158036202,1.6790300519535184
2023-05-15,4136.27978515625,0.29537976803169347,-1.2137183540617769,178.0,1.2137183540617769,1.0941254158036202
2023-05-16,4109.89990234375,-0.6398107681917463,-1.1848499392099197,188.0,1.1848499392099197,1.2137183540617769
2023-05-17,4158.77001953125,1.1820688622071573,-1.1820914346371536,222.0,1.1820914346371536,1.1848499392099197
2023-05-18,4198.0498046875,0.9400723063727155,-1.3147274456655642,216.0,1.3147274456655642,1.1820914346371536
2023-05-19,4191.97998046875,-0.14469138806754414,-1.2883150183974557,206.0,1.2883150183974557,1.3147274456655642
2023-05-22,4192.6298828125,0.015502267980239145,-1.0192765982892462,176.0,1.0192765982892462,1.2883150183974557
2023-05-23,4145.580078125,-1.1285468768284297,-1.4269407737605133,196.0,1.4269407737605133,1.0192765982892462
2023-05-24,4115.240234375,-0.734551267830521,-1.1703362170228808,204.0,1.1703362170228808,1.4269407737605133
2023-05-25,4151.27978515625,0.8719456079011882,-0.9604373974589129,208.0,0.9604373974589129,1.1703362170228808
2023-05-26,4205.4501953125,1.2964680931640788,-1.7275571167619925,193.0,1.7275571167619925,0.9604373974589129
2023-05-30,4205.52001953125,0.001660313066576836,-1.3621233097079983,175.0,1.3621233097079983,1.7275571167619925
2023-05-31,4179.830078125,-0.6127358186214099,-1.325613911987902,190.0,1.325613911987902,1.3621233097079983
2023-06-01,4221.02001953125,0.9806215085853812,-1.5256909162007015,190.0,1.5256909162007015,1.325613911987902
2023-06-02,4282.3701171875,1.4429812390107408,-1.0288787699379147,203.0,1.0288787699379147,1.5256909162007015
2023-06-05,4273.7900390625,-0.2005591490657713,-0.9146935301702365,163.0,0.9146935301702365,1.0288787699379147
2023-06-06,4283.85009765625,0.2351130233850576,-1.6086414243555303,199.0,1.6086414243555303,0.9146935301702365
2023-06-07,4267.52001953125,-0.38192939264206166,-1.5777635201189588,209.0,1.5777635201189588,1.6086414243555303
2023-06-08,4293.93017578125,0.616957160752325,-1.4002444546244077,188.0,1.4002444546244077,1.5777635201189588
2023-06-09,4298.85986328125,0.11474010230505238,-1.1653642877194175,195.0,1.1653642877194175,1.4002444546244077
2023-06-12,4338.93017578125,0.927797498175416,-1.240728461295154,124.0,1.240728461295154,1.1653642877194175
2023-06-13,4369.009765625,0.6908570725908898,-1.2605793623565247,204.0,1.2605793623565247,1.240728461295154
2023-06-14,4372.58984375,0.08190899801265841,-1.6763308751531512,203.0,1.6763308751531512,1.2605793623565247
2023-06-15,4425.83984375,1.2104580493589998,-1.491680369599248,197.0,1.491680369599248,1.6763308751531512
2023-06-16,4409.58984375,-0.36783764677510894,-1.675171376745653,193.0,1.675171376745653,1.491680369599248
2023-06-20,4388.7099609375,-0.4746353835236048,-1.5608410452777388,184.0,1.5608410452777388,1.675171376745653
2023-06-21,4365.68994140625,-0.5259086366925201,-0.7879331950419288,209.0,0.7879331950419288,1.5608410452777388
2023-06-22,4381.89013671875,0.37039303873345253,-1.1676592832782722,189.0,1.1676592832782722,0.7879331950419288
2023-06-23,4348.330078125,-0.7688288056502157,-1.4224370707459375,178.0,1.4224370707459375,1.1676592832782722
2023-06-26,4328.81982421875,-0.4496934363132171,-1.2810436625218364,167.0,1.2810436625218364,1.4224370707459375
2023-06-27,4378.41015625,1.139073352418076,-1.0246384596905138,202.0,1.0246384596905138,1.2810436625218364
2023-06-28,4376.85986328125,-0.035413938838982154,-0.7454073440770436,192.0,0.7454073440770436,1.0246384596905138
2023-06-29,4396.43994140625,0.446356811449,-0.6186698038404636,201.0,0.6186698038404636,0.7454073440770436
2023-06-30,4450.3798828125,1.2194350261885798,-0.99661174584992,150.0,0.99661174584992,0.6186698038404636
2023-07-03,4455.58984375,0.11699930926736418,-0.8683516349565673,148.0,0.8683516349565673,0.99661174584992
2023-07-05,4446.81982421875,-0.19702580976127165,-1.6657821996445938,156.0,1.6657821996445938,0.8683516349565673
2023-07-06,4411.58984375,-0.7954061175894762,-1.6760067253098627,175.0,1.6760067253098627,1.6657821996445938
2023-07-07,4398.9501953125,-0.28692127957334823,-1.4794556801007137,171.0,1.4794556801007137,1.6760067253098627
2023-07-10,4409.52978515625,0.2402138610626312,-1.299529777105708,127.0,1.299529777105708,1.4794556801007137
2023-07-11,4439.259765625,0.6719583998254874,-1.5370589004710642,194.0,1.5370589004710642,1.299529777105708
2023-07-12,4472.16015625,0.7383905235389678,-1.3632561587788716,200.0,1.3632561587788716,1.5370589004710642
2023-07-13,4510.0400390625,0.8434482989627111,-1.245680051224657,193.0,1.245680051224657,1.3632561587788716
2023-07-14,4505.419921875,-0.10249321969074839,-1.5527569379179356,178.0,1.5527569379179356,1.245680051224657
2023-07-17,4522.7900390625,0.38479695744204134,-1.6943378928099861,163.0,1.6943378928099861,1.5527569379179356
2023-07-18,4554.97998046875,0.7092066941428338,-1.3355681180917824,180.0,1.3355681180917824,1.6943378928099861
2023-07-19,4565.72021484375,0.2355134827233639,-1.2432867603660303,194.0,1.2432867603660303,1.3355681180917824
2023-07-20,4534.8701171875,-0.6779827396257692,-1.5596496484178506,178.0,1.5596496484178506,1.2432867603660303
2023-07-21,4536.33984375,0.03240420146130911,-1.760460734539764,158.0,1.760460734539764,1.5596496484178506
2023-07-24,4554.64013671875,0.4026038496874852,-1.2073254584655522,155.0,1.2073254584655522,1.760460734539764
2023-07-25,4567.4599609375,0.28107195758387044,-1.584383980242713,183.0,1.584383980242713,1.2073254584655522
2023-07-26,4566.75,-0.015545097867591855,-1.655969086733517,196.0,1.655969086733517,1.584383980242713
2023-07-27,4537.41015625,-0.6445393055197076,-1.0597498274854311,162.0,1.0597498274854311,1.655969086733517
2023-07-28,4582.22998046875,0.9829375810433848,-1.2600979252009488,174.0,1.2600979252009488,1.0597498274854311
2023-07-31,4588.9599609375,0.14676354365687913,-0.6449143445713811,158.0,0.6449143445713811,1.2600979252009488
2023-08-01,4576.72998046875,-0.26686453076827116,-1.2597711160540443,195.0,1.2597711160540443,0.6449143445713811
2023-08-02,4513.39013671875,-1.3936200638336183,-1.8480200680224301,197.0,1.8480200680224301,1.2597711160540443
2023-08-03,4501.89013671875,-0.25512254502915277,-0.7174444016983806,197.0,0.7174444016983806,1.8480200680224301
2023-08-04,4478.02978515625,-0.531416937393797,-1.6950316811282524,187.0,1.6950316811282524,0.7174444016983806
2023-08-07,4518.43994140625,0.8983618964856572,-1.5965494370954458,147.0,1.5965494370954458,1.6950316811282524
2023-08-08,4499.3798828125,-0.4227205100058866,-1.051627181221367,189.0,1.051627181221367,1.5965494370954458
2023-08-09,4467.7099609375,-0.7063619102045117,-1.1994757763584398,187.0,1.1994757763584398,1.051627181221367
2023-08-10,4468.830078125,0.025068252108086324,-1.5397023310901283,195.0,1.5397023310901283,1.1994757763584398
2023-08-11,4464.0498046875,-0.10702648992294865,-1.6237446858472722,182.0,1.6237446858472722,1.5397023310901283
2023-08-14,4489.72021484375,0.573400487941905,-1.7629067114647714,137.0,1.7629067114647714,1.6237446858472722
2023-08-15,4437.85986328125,-1.1618139396096483,-1.2552538474906891,174.0,1.2552538474906891,1.7629067114647714
2023-08-16,4404.330078125,-0.7584081792624527,-1.6397067667522227,186.0,1.6397067667522227,1.2552538474906891
2023-08-17,4370.35986328125,-0.7742811377529081,-1.6468311187907188,182.0,1.6468311187907188,1.6397067667522227
2023-08-18,4369.7099609375,-0.014871788395720285,-1.8101767959530326,184.0,1.8101767959530326,1.6468311187907188
2023-08-21,4399.77001953125,0.6855634859799785,-1.3625419736209026,161.0,1.3625419736209026,1.8101767959530326
2023-08-22,4387.5498046875,-0.27813310465456836,-0.7955577734676065,182.0,0.7955577734676065,1.3625419736209026
2023-08-23,4436.009765625,1.098433071079136,-1.8349977860117155,182.0,1.8349977860117155,0.7955577734676065
2023-08-24,4376.31005859375,-1.354935398400801,-1.9106905297203471,179.0,1.9106905297203471,1.8349977860117155
2023-08-25,4405.7099609375,0.6695501060295156,-1.4698537738834205,178.0,1.4698537738834205,1.9106905297203471
2023-08-28,4433.31005859375,0.6245078594196461,-0.9650682558670649,148.0,0.9650682558670649,1.4698537738834205
2023-08-29,4497.6298828125,1.4404068712056506,-1.3878634563573704,195.0,1.3878634563573704,0.9650682558670649
2023-08-30,4514.8701171875,0.3825854181192944,-1.9234283759721993,185.0,1.9234283759721993,1.3878634563573704
2023-08-31,4507.66015625,-0.15982129743398577,-1.7804835271075408,180.0,1.7804835271075408,1.9234283759721993
2023-09-01,4515.77001953125,0.1797512765518541,-1.1150720312605442,187.0,1.1150720312605442,1.7804835271075408
2023-09-05,4496.830078125,-0.4202997821381205,-1.6024372467276253,151.0,1.6024372467276253,1.1150720312605442
2023-09-06,4465.47998046875,-0.6996014491432261,-1.3881485481041034,184.0,1.3881485481041034,1.6024372467276253
2023-09-07,4451.14013671875,-0.3216433115732967,-1.4399417239430643,193.0,1.4399417239430643,1.3881485481041034
2023-09-08,4457.490234375,0.14256060622570593,-1.1598550269288408,185.0,1.1598550269288408,1.4399417239430643
2023-09-11,4487.4599609375,0.6700951498135518,-1.2539658862464398,126.0,1.2539658862464398,1.1598550269288408
2023-09-12,4461.89990234375,-0.5712169023003997,-0.9913961561836044,197.0,0.9913961561836044,1.2539658862464398
2023-09-13,4467.43994140625,0.12408621175346041,-1.3756277729233297,199.0,1.3756277729233297,0.9913961561836044
2023-09-14,4505.10009765625,0.8394585533666251,-0.6503188174899701,183.0,0.6503188174899701,1.3756277729233297
2023-09-15,4450.31982421875,-1.2234145842493929,-1.4252036516092557,187.0,1.4252036516092557,0.6503188174899701
2023-09-18,4453.52978515625,0.07210276941755188,-1.1035096834537796,159.0,1.1035096834537796,1.4252036516092557
2023-09-19,4443.9501953125,-0.21533273615331264,-1.4232304927143213,173.0,1.4232304927143213,1.1035096834537796
2023-09-20,4402.2001953125,-0.943920420629104,-1.2271329730662595,198.0,1.2271329730662595,1.4232304927143213
2023-09-21,4330.0,-1.6536918318488085,-1.33573803216665,183.0,1.33573803216665,1.2271329730662595
2023-09-22,4320.06005859375,-0.22982374027607494,-1.6884956987373414,158.0,1.6884956987373414,1.33573803216665
2023-09-25,4337.43994140625,0.4014994203806617,-1.9836171949040466,149.0,1.9836171949040466,1.6884956987373414
2023-09-26,4273.52978515625,-1.4844165482264944,-1.3936954734792357,176.0,1.3936954734792357,1.9836171949040466
2023-09-27,4274.509765625,0.02292877722947923,-1.5378406937695401,164.0,1.5378406937695401,1.3936954734792357
2023-09-28,4299.7001953125,0.5875877143000698,-1.6180922571309129,182.0,1.6180922571309129,1.5378406937695401
2023-09-29,4288.0498046875,-0.2713259648289315,-1.3980211968993368,174.0,1.3980211968993368,1.6180922571309129
2023-10-02,4288.39013671875,0.007936440615299325,-1.036676522819235,135.0,1.036676522819235,1.3980211968993368
2023-10-03,4229.4501953125,-1.38393958634492,-1.510086881314079,179.0,1.510086881314079,1.036676522819235
2023-10-04,4263.75,0.8077047607828945,-1.3378082330454262,173.0,1.3378082330454262,1.510086881314079
2023-10-05,4258.18994140625,-0.13048811469951227,-1.2521891447887297,190.0,1.2521891447887297,1.3378082330454262
2023-10-06,4308.5,1.1745642093961117,-1.4534227207639516,174.0,1.4534227207639516,1.2521891447887297
2023-10-09,4335.66015625,0.6284068119387409,-1.3918835511138707,151.0,1.3918835511138707,1.4534227207639516
2023-10-10,4358.240234375,0.5194476099985355,-1.3502154048483932,161.0,1.3502154048483932,1.3918835511138707
2023-10-11,4376.9501953125,0.42838195000950735,-1.8376259244454987,185.0,1.8376259244454987,1.3502154048483932
2023-10-12,4349.60986328125,-0.6266024940654918,-1.5034235899056518,184.0,1.5034235899056518,1.8376259244454987
2023-10-13,4327.77978515625,-0.5031495660219892,-1.9153619985124228,183.0,1.9153619985124228,1.5034235899056518
2023-10-16,4373.6298828125,1.0538642302589984,-1.5304369164991827,163.0,1.5304369164991827,1.9153619985124228
2023-10-17,4373.2001953125,-0.009824987944376508,-1.5465433155305885,197.0,1.5465433155305885,1.5304369164991827
2023-10-18,4314.60009765625,-1.3490408251151897,-1.6357791868288776,193.0,1.6357791868288776,1.5465433155305885
2023-10-19,4278.0,-0.8519032328057976,-1.744790772906154,202.0,1.744790772906154,1.6357791868288776
2023-10-20,4224.16015625,-1.2665149196155916,-1.4485851380433263,182.0,1.4485851380433263,1.744790772906154
2023-10-23,4217.0400390625,-0.16869920654349177,-1.051094415157104,148.0,1.051094415157104,1.4485851380433263
2023-10-24,4247.68017578125,0.723952351962882,-1.8999817686682496,161.0,1.8999817686682496,1.051094415157104
2023-10-25,4186.77001953125,-1.4443434657238052,-1.1329940972133374,192.0,1.1329940972133374,1.8999817686682496
2023-10-26,4137.22998046875,-1.1903081205584871,-0.8639997885011107,183.0,0.8639997885011107,1.1329940972133374
2023-10-27,4117.3701171875,-0.481183857862075,-1.5772665729513522,157.0,1.5772665729513522,0.8639997885011107
2023-10-30,4166.81982421875,1.1938474300285915,-0.9713644036503484,160.0,0.9713644036503484,1.5772665729513522
2023-10-31,4193.7998046875,0.6454084821688244,-1.6084526152198144,192.0,1.6084526152198144,0.9713644036503484
2023-11-01,4237.85986328125,1.0451194990191868,-1.1247168262952127,173.0,1.1247168262952127,1.6084526152198144
2023-11-02,4317.77978515625,1.8682938934086475,-1.397845829641616,170.0,1.397845829641616,1.1247168262952127
2023-11-03,4358.33984375,0.9349883544551459,-1.5588654385426128,183.0,1.5588654385426128,1.397845829641616
2023-11-06,4365.97998046875,0.17514577241005863,-1.3920296827974066,138.0,1.3920296827974066,1.5588654385426128
2023-11-07,4378.3798828125,0.28360934017119543,-1.5195633525859662,193.0,1.5195633525859662,1.3920296827974066
2023-11-08,4382.77978515625,0.10044110324198868,-0.9957751040618678,188.0,0.9957751040618678,1.5195633525859662
2023-11-09,4347.35009765625,-0.8116690699068705,-1.0589313905281508,181.0,1.0589313905281508,0.9957751040618678
2023-11-10,4415.240234375,1.5495759270772258,-1.2311852795346543,179.0,1.2311852795346543,1.0589313905281508
2023-11-13,4411.5498046875,-0.08361884413700847,-1.5663210344832224,149.0,1.5663210344832224,1.2311852795346543
2023-11-14,4495.7001953125,1.889537047457725,-1.0268757154476038,170.0,1.0268757154476038,1.5663210344832224
2023-11-15,4502.8798828125,0.15957382078471766,-1.18568981762997,181.0,1.18568981762997,1.0268757154476038
2023-11-16,4508.240234375,0.11897193967137305,-1.7665197623250473,187.0,1.7665197623250473,1.18568981762997
2023-11-17,4514.02001953125,0.12812279371779872,-1.0109437210939762,188.0,1.0109437210939762,1.7665197623250473
2023-11-20,4547.3798828125,0.7363103793795633,-1.1468011695497182,158.0,1.1468011695497182,1.0109437210939762
2023-11-21,4538.18994140625,-0.2022975931757968,-1.3287257504516903,172.0,1.3287257504516903,1.1468011695497182
2023-11-22,4556.6201171875,0.40529050943133244,-1.368097805247499,161.0,1.368097805247499,1.3287257504516903
2023-11-24,4559.33984375,0.059669560964503224,-2.000892869402982,125.0,2.000892869402982,1.368097805247499
2023-11-27,4550.43017578125,-0.19560693168983587,-0.9349978759810413,141.0,0.9349978759810413,2.000892869402982
2023-11-28,4554.89013671875,0.09796385280502917,-1.294662804577236,173.0,1.294662804577236,0.9349978759810413
2023-11-29,4550.580078125,-0.09466966151019382,-1.3642983339695172,174.0,1.3642983339695172,1.294662804577236
2023-11-30,4567.7998046875,0.3776931264994605,-0.8108461465964808,162.0,0.8108461465964808,1.3642983339695172
2023-12-01,4594.6298828125,0.5856558953846637,-1.398119202933328,176.0,1.398119202933328,0.8108461465964808
2023-12-04,4569.77978515625,-0.5423188063826943,-1.3806813860031022,143.0,1.3806813860031022,1.398119202933328
2023-12-05,4567.18017578125,-0.05690315939348026,-1.7226412953608263,165.0,1.7226412953608263,1.3806813860031022
2023-12-06,4549.33984375,-0.3913851944943747,-1.5449647720262754,185.0,1.5449647720262754,1.7226412953608263
2023-12-07,4585.58984375,0.7936610684821922,-1.4157523820480948,172.0,1.4157523820480948,1.5449647720262754
2023-12-08,4604.3701171875,0.40871341465037936,-2.1294345947300553,139.0,2.1294345947300553,1.4157523820480948
2023-12-11,4622.43994140625,0.3916813547781492,-1.3481209299184385,147.0,1.3481209299184385,2.1294345947300553
2023-12-12,4643.7001953125,0.45888127956924,-1.2936273524252153,171.0,1.2936273524252153,1.3481209299184385
2023-12-13,4707.08984375,1.355834517501981,-1.7772049616432979,177.0,1.7772049616432979,1.2936273524252153
2023-12-14,4719.5498046875,0.26435651851544323,-1.0495961305566652,187.0,1.0495961305566652,1.7772049616432979
2023-12-15,4719.18994140625,-0.007625240044859477,-0.6067185204628085,160.0,0.6067185204628085,1.0495961305566652
2023-12-18,4740.56005859375,0.4518122263400515,-1.8939140257870177,143.0,1.8939140257870177,0.6067185204628085
2023-12-19,4768.3701171875,0.5849267450818904,-1.3539424929305313,182.0,1.3539424929305313,1.8939140257870177
2023-12-20,4698.35009765625,-1.479314796530563,-1.2478974904149058,181.0,1.2478974904149058,1.3539424929305313
2023-12-21,4746.75,1.0248769307271877,-1.606322634954951,177.0,1.606322634954951,1.2478974904149058
2023-12-22,4754.6298828125,0.16586821527610754,-1.7918640148590712,116.0,1.7918640148590712,1.606322634954951
2024-01-03,4704.81005859375,-0.8048618327197647,-1.6034106035987856,1394.0,1.6034106035987856,1.7738124259171184
2024-01-04,4688.68017578125,-0.34342716633174286,-1.928329358060083,1436.0,1.928329358060083,1.6034106035987856
2024-01-05,4697.240234375,0.18240216394339806,-1.785248651339679,1422.0,1.785248651339679,1.928329358060083
2024-01-08,4763.5400390625,1.401594543635314,-1.4334702480366153,1234.0,1.4334702480366153,1.785248651339679
2024-01-09,4756.5,-0.1478993852317584,-1.6558111684422736,1263.0,1.6558111684422736,1.4334702480366153
2024-01-10,4783.4501953125,0.5649980650495912,-1.5006331426151571,1470.0,1.5006331426151571,1.6558111684422736
2024-01-11,4780.240234375,-0.06712808369611646,-1.6202660256274435,1563.0,1.6202660256274435,1.5006331426151571
2024-01-12,4783.830078125,0.07506937530339595,-1.5461027595264247,1375.0,1.5461027595264247,1.6202660256274435
2024-01-16,4765.97998046875,-0.37383190523568344,-0.9888176554595441,1333.0,0.9888176554595441,1.5461027595264247
2024-01-17,4739.2099609375,-0.5632731271107821,-1.372479800199895,1492.0,1.372479800199895,0.9888176554595441
2024-01-18,4780.93994140625,0.8766720726243148,-1.473966460072316,1511.0,1.473966460072316,1.372479800199895
2024-01-19,4839.81005859375,1.2238308232548512,-1.4505132432777261,1460.0,1.4505132432777261,1.473966460072316
2024-01-22,4850.43017578125,0.21919211872316854,-1.5368859620329407,931.0,1.5368859620329407,1.4505132432777261
2024-01-23,4864.60009765625,0.2917115340764486,-1.463861371560938,1533.0,1.463861371560938,1.5368859620329407
2024-01-24,4868.5498046875,0.08115989762168653,-1.1361732134674525,1514.0,1.1361732134674525,1.463861371560938
2024-01-25,4894.16015625,0.524657813497798,-1.4789818819665417,1605.0,1.4789818819665417,1.1361732134674525
2024-01-26,4890.97021484375,-0.06519977554263648,-1.54581569062932,1178.0,1.54581569062932,1.4789818819665417
2024-01-29,4927.93017578125,0.7528365505246204,-1.5766268483073451,1100.0,1.5766268483073451,1.54581569062932
2024-01-30,4924.97021484375,-0.06008303969786162,-1.3120886843738115,1535.0,1.3120886843738115,1.5766268483073451
2024-01-31,4845.64990234375,-1.6236851740733682,-1.4892147739220112,1562.0,1.4892147739220112,1.3120886843738115
2024-02-01,4906.18994140625,1.2416286114049784,-1.226317900335423,1408.0,1.226317900335423,1.4892147739220112
2024-02-02,4958.60986328125,1.062777072263312,-1.3713104426790628,1417.0,1.3713104426790628,1.226317900335423
2024-02-05,4942.81005859375,-0.31914247092839715,-1.2202191051379718,1252.0,1.2202191051379718,1.3713104426790628
2024-02-06,4954.22998046875,0.23077459317481075,-1.247072857096116,1389.0,1.247072857096116,1.2202191051379718
2024-02-07,4995.06005859375,0.8207682594008627,-1.4651930409056626,1569.0,1.4651930409056626,1.247072857096116
2024-02-08,4997.91015625,0.057042054009059505,-1.286921063056977,1475.0,1.286921063056977,1.4651930409056626
2024-02-09,5026.60986328125,0.5725917128795516,-1.2328451516189853,1469.0,1.2328451516189853,1.286921063056977
2024-02-12,5021.83984375,-0.09494041426524416,-1.446492548456713,1203.0,1.446492548456713,1.2328451516189853
2024-02-13,4953.169921875,-1.3768609419845443,-1.2458095707430303,1411.0,1.2458095707430303,1.446492548456713
2024-02-14,5000.6201171875,0.9534168304216807,-1.2184822226935814,1451.0,1.2184822226935814,1.2458095707430303
2024-02-15,5029.72998046875,0.580437267404004,-1.2877896300961054,1548.0,1.2877896300961054,1.2184822226935814
2024-02-16,5005.56982421875,-0.48150435759610416,-1.6082050616016637,1500.0,1.6082050616016637,1.2877896300961054
2024-02-20,4975.509765625,-0.602342646581725,-1.3525998703960973,1405.0,1.3525998703960973,1.6082050616016637
2024-02-21,4981.7998046875,0.12634014951035982,-1.5276211632117234,1431.0,1.5276211632117234,1.3525998703960973
2024-02-22,5087.02978515625,2.090288866640342,-1.1702795598626916,1610.0,1.1702795598626916,1.5276211632117234
2024-02-23,5088.7998046875,0.0347887026502183,-1.4130670835250678,1574.0,1.4130670835250678,1.1702795598626916
2024-02-26,5069.52978515625,-0.3793939244668484,-1.5502882342985076,1361.0,1.5502882342985076,1.4130670835250678
2024-02-27,5078.18017578125,0.1704895538720964,-1.2795451964409572,1616.0,1.2795451964409572,1.5502882342985076
2024-02-28,5069.759765625,-0.1659531321112244,-1.3591133238369824,1446.0,1.3591133238369824,1.2795451964409572
2024-02-29,5096.27001953125,0.5215470455799964,-1.3246122615977882,1535.0,1.3246122615977882,1.3591133238369824
2024-03-01,5137.080078125,0.7975936433387976,-1.1015490697296604,1662.0,1.1015490697296604,1.3246122615977882
2024-03-04,5130.9501953125,-0.11939745749630112,-1.1263801584302786,1119.0,1.1263801584302786,1.1015490697296604
2024-03-05,5078.64990234375,-1.0245406275917994,-1.1167115814931314,1601.0,1.1167115814931314,1.1263801584302786
2024-03-06,5104.759765625,0.5127932853001643,-1.061265495355154,1483.0,1.061265495355154,1.1167115814931314
2024-03-07,5157.35986328125,1.0251402284983626,-0.9843864815075286,1646.0,0.9843864815075286,1.061265495355154
2024-03-08,5123.68994140625,-0.6549922992050338,-1.1701189023693628,1518.0,1.1701189023693628,0.9843864815075286
2024-03-11,5117.93994140625,-0.11228682680281005,-0.7920337597022814,1396.0,0.7920337597022814,1.1701189023693628
2024-03-12,5175.27001953125,1.1139512586668012,-1.1748159465332673,1578.0,1.1748159465332673,0.7920337597022814
2024-03-13,5165.31005859375,-0.19263840021219722,-1.3486506602998871,1515.0,1.3486506602998871,1.1748159465332673
2024-03-14,5150.47998046875,-0.2875221051495188,-1.3146903022295,1473.0,1.3146903022295,1.3486506602998871
2024-03-15,5117.08984375,-0.6504022859737666,-1.2189543922696668,1457.0,1.2189543922696668,1.3146903022295
2024-03-18,5149.419921875,0.6298184238480455,-1.1614477641646856,1295.0,1.1614477641646856,1.2189543922696668
2024-03-19,5178.509765625,0.563325304434312,-1.335130562909796,1593.0,1.335130562909796,1.1614477641646856
2024-03-20,5224.6201171875,0.8864765516360184,-1.295351165062776,1521.0,1.295351165062776,1.335130562909796
2024-03-21,5241.52978515625,0.3231309094528888,-1.1748207596569549,1585.0,1.1748207596569549,1.295351165062776
2024-03-22,5234.18017578125,-0.14031718343267124,-1.4403940930207262,1469.0,1.4403940930207262,1.1748207596569549
2024-03-25,5218.18994140625,-0.30596403820319296,-1.3366834017036364,1232.0,1.3366834017036364,1.4403940930207262
2024-03-26,5203.580078125,-0.2803721982805726,-1.4232612635754065,1565.0,1.4232612635754065,1.3366834017036364
2024-03-27,5248.490234375,0.8593595582706042,-1.2242464327046054,1384.0,1.2242464327046054,1.4232612635754065
2024-03-28,5254.35009765625,0.11158627007616052,-1.2076272913293562,1624.0,1.2076272913293562,1.2242464327046054
2024-04-01,5243.77001953125,-0.20156145269577247,-1.587021240445774,1000.0,1.587021240445774,1.2076272913293562
2024-04-02,5205.81005859375,-0.7265388203672426,-1.3174872252463867,1392.0,1.3174872252463867,1.587021240445774
2024-04-03,5211.490234375,0.10905275233378979,-1.061815298761543,1446.0,1.061815298761543,1.3174872252463867
2024-04-04,5147.2099609375,-1.241103561926225,-1.1614975088184911,1532.0,1.1614975088184911,1.061815298761543
2024-04-05,5204.33984375,1.1038050135699558,-1.3350304678758718,1475.0,1.3350304678758718,1.1614975088184911
2024-04-08,5202.39013671875,-0.03747011900415767,-1.292083458700928,1269.0,1.292083458700928,1.3350304678758718
2024-04-09,5209.91015625,0.14444494736345206,-1.1836574745186645,1446.0,1.1836574745186645,1.292083458700928
2024-04-10,5160.64013671875,-0.9501981832212592,-1.6056966213428232,1297.0,1.6056966213428232,1.1836574745186645
2024-04-11,5199.06005859375,0.7417221983342437,-1.4338535892581663,1342.0,1.4338535892581663,1.6056966213428232
2024-04-12,5123.41015625,-1.4657587802248537,-1.3788385102444654,1266.0,1.3788385102444654,1.4338535892581663
2024-04-15,5061.81982421875,-1.2094195787459194,-1.880400381207017,1158.0,1.880400381207017,1.3788385102444654
2024-04-16,5051.41015625,-0.20586245275039963,-1.3093018059948558,1306.0,1.3093018059948558,1.880400381207017
2024-04-17,5022.2099609375,-0.5797375076004185,-1.439476372497363,1466.0,1.439476372497363,1.3093018059948558
2024-04-18,5011.1201171875,-0.22106017004853043,-1.177093966386668,1600.0,1.177093966386668,1.439476372497363
2024-04-19,4967.22998046875,-0.8797129654056974,-1.636370626461981,1290.0,1.636370626461981,1.177093966386668
2024-04-22,5010.60009765625,0.869335115683908,-1.145535505357528,1245.0,1.145535505357528,1.636370626461981
2024-04-23,5070.5498046875,1.189356656772209,-1.226966189429995,1341.0,1.226966189429995,1.145535505357528
2024-04-24,5071.6298828125,0.021298737793290078,-1.0557970361333744,1373.0,1.0557970361333744,1.226966189429995
2024-04-25,5048.419921875,-0.45869342701194094,-1.5725409263075256,1479.0,1.5725409263075256,1.0557970361333744
2024-04-26,5099.9599609375,1.0157381332325344,-1.362970480400425,1211.0,1.362970480400425,1.5725409263075256
2024-04-29,5116.169921875,0.31734080766393946,-1.4330683714088561,1198.0,1.4330683714088561,1.362970480400425
2024-04-30,5035.68994140625,-1.5855551118928124,-1.269367569389178,1542.0,1.269367569389178,1.4330683714088561
2024-05-01,5018.39013671875,-0.3441353485631687,-1.4106799960941874,1468.0,1.4106799960941874,1.269367569389178
2024-05-02,5064.2001953125,0.9087024725084856,-1.2681053810579153,1371.0,1.2681053810579153,1.4106799960941874
2024-05-03,5127.7900390625,1.2478557659508005,-1.4494651974377772,1301.0,1.4494651974377772,1.2681053810579153
2024-05-06,5180.740234375,1.027317369124784,-1.50232943822999,1045.0,1.50232943822999,1.4494651974377772
2024-05-07,5187.7001953125,0.13425282288256132,-1.25150914068706,1365.0,1.25150914068706,1.50232943822999
2024-05-08,5187.669921875,-0.0005835635193424913,-1.3428795641099214,1506.0,1.3428795641099214,1.25150914068706
2024-05-09,5214.080078125,0.5078032639106712,-1.4791796276202063,1451.0,1.4791796276202063,1.3428795641099214
2024-05-10,5222.68017578125,0.1648040080166728,-1.2379797281856033,1346.0,1.2379797281856033,1.4791796276202063
2024-05-13,5221.419921875,-0.024133317386520824,-1.3043843429991802,1130.0,1.3043843429991802,1.2379797281856033
2024-05-14,5246.68017578125,0.4826148527454041,-1.2715837517052924,1438.0,1.2715837517052924,1.3043843429991802
2024-05-15,5308.14990234375,1.164782778729962,-1.3948260619917712,1388.0,1.3948260619917712,1.2715837517052924
2024-05-16,5297.10009765625,-0.20838374740880464,-1.1836204877144565,1358.0,1.1836204877144565,1.3948260619917712
2024-05-17,5303.27001953125,0.11640956878937513,-1.2781457336810533,1266.0,1.2781457336810533,1.1836204877144565
2024-05-20,5308.1298828125,0.09159703084911665,-1.7221104868154125,1175.0,1.7221104868154125,1.2781457336810533
2024-05-21,5321.41015625,0.24987497668926087,-1.574959797764259,1437.0,1.574959797764259,1.7221104868154125
2024-05-22,5307.009765625,-0.27097912093521476,-1.525028000656844,1567.0,1.525028000656844,1.574959797764259
2024-05-23,5267.83984375,-0.7408162283471933,-1.3052175604391159,1432.0,1.3052175604391159,1.525028000656844
2024-05-24,5304.72021484375,0.6976649076673259,-1.4042743544593814,1101.0,1.4042743544593814,1.3052175604391159
2024-05-28,5306.0400390625,0.024877090688591535,-1.0506982117595756,1289.0,1.0506982117595756,1.4042743544593814
2024-05-29,5266.9501953125,-0.7394317215742535,-1.369277145703922,1460.0,1.369277145703922,1.0506982117595756
2024-05-30,5235.47998046875,-0.5992957535754185,-1.3565523760077027,1429.0,1.3565523760077027,1.369277145703922
2024-05-31,5277.509765625,0.7995824231928896,-1.4285097261325514,1344.0,1.4285097261325514,1.3565523760077027
2024-06-03,5283.39990234375,0.11154602235352391,-1.2950380327127808,1221.0,1.2950380327127808,1.4285097261325514
2024-06-04,5291.33984375,0.15016810037827533,-1.1366219558710668,1432.0,1.1366219558710668,1.2950380327127808
2024-06-05,5354.02978515625,1.1778015849957282,-1.4332529917771504,1450.0,1.4332529917771504,1.1366219558710668
2024-06-06,5352.9599609375,-0.019983660163685184,-1.3041400710031408,1486.0,1.3041400710031408,1.4332529917771504
2024-06-07,5346.990234375,-0.11158420502790661,-1.3121787898333084,1261.0,1.3121787898333084,1.3041400710031408
2024-06-10,5360.7900390625,0.2577529978240972,-1.1029945029265822,1144.0,1.1029945029265822,1.3121787898333084
2024-06-11,5375.31982421875,0.2706714855209522,-1.176660968449465,1410.0,1.176660968449465,1.1029945029265822
2024-06-12,5421.02978515625,0.8467720241887338,-1.0972413631039937,1439.0,1.0972413631039937,1.176660968449465
2024-06-13,5433.740234375,0.234191143711672,-1.1236182556039573,1483.0,1.1236182556039573,1.0972413631039937
2024-06-14,5431.60009765625,-0.039393828099749416,-0.9173942526082669,1296.0,0.9173942526082669,1.1236182556039573
2024-06-17,5473.22998046875,0.7635164372320518,-1.2674034594125452,1322.0,1.2674034594125452,0.9173942526082669
2024-06-18,5487.02978515625,0.25181541815171166,-1.403504487638701,1435.0,1.403504487638701,1.2674034594125452
2024-06-20,5473.169921875,-0.252912739541154,-1.1646531786959389,1413.0,1.1646531786959389,1.403504487638701
2024-06-21,5464.6201171875,-0.15633517188252494,-1.264584045305532,1341.0,1.264584045305532,1.1646531786959389
2024-06-24,5447.8701171875,-0.30698791558664423,-1.4677730886481681,1290.0,1.4677730886481681,1.264584045305532
2024-06-25,5469.2998046875,0.39258736791813437,-1.684755444242281,1361.0,1.684755444242281,1.4677730886481681
2024-06-26,5477.89990234375,0.15711962247204525,-1.3534818150324528,1495.0,1.3534818150324528,1.684755444242281
2024-06-27,5482.8701171875,0.09069098567990731,-1.6360727196612115,1345.0,1.6360727196612115,1.3534818150324528
2024-06-28,5460.47998046875,-0.4092013462369599,-1.4463501353809158,1425.0,1.4463501353809158,1.6360727196612115
2024-07-01,5475.08984375,0.26719909814295234,-1.0382838789553706,825.0,1.0382838789553706,1.4463501353809158
2024-07-02,5509.009765625,0.6176205771185049,-1.4737688664176785,1333.0,1.4737688664176785,1.0382838789553706
2024-07-03,5537.02001953125,0.5071562269533664,-1.2902580146185516,1293.0,1.2902580146185516,1.4737688664176785
2024-07-05,5567.18994140625,0.543397436096954,-1.1772134409662955,1169.0,1.1772134409662955,1.2902580146185516
2024-07-08,5572.85009765625,0.10161824764044329,-1.3501036222866851,1088.0,1.3501036222866851,1.1772134409662955
2024-07-09,5576.97998046875,0.07407974780654752,-1.5417800326547293,1424.0,1.5417800326547293,1.3501036222866851
2024-07-10,5633.91015625,1.0156314878105885,-1.4256213294846056,1439.0,1.4256213294846056,1.5417800326547293
2024-07-11,5584.5400390625,-0.8801649969266724,-1.0913595341526787,1439.0,1.0913595341526787,1.4256213294846056
2024-07-12,5615.35009765625,0.550186402496512,-1.046858205662488,1367.0,1.046858205662488,1.0913595341526787
2024-07-15,5631.22021484375,0.2822216423352684,-1.4173532848642854,1169.0,1.4173532848642854,1.046858205662488
2024-07-16,5667.2001953125,0.6369049971453274,-1.3232559680304177,1418.0,1.3232559680304177,1.4173532848642854
2024-07-17,5588.27001953125,-1.4025441523645543,-0.8479261034662235,1461.0,0.8479261034662235,1.3232559680304177
2024-07-18,5544.58984375,-0.7847112145350073,-0.9471614525919021,1509.0,0.9471614525919021,0.8479261034662235
2024-07-19,5505.0,-0.7165879226406084,-1.153392823969191,1290.0,1.153392823969191,0.9471614525919021
2024-07-22,5564.41015625,1.0734217246220292,-1.0233491939777124,1247.0,1.0233491939777124,1.153392823969191
2024-07-23,5555.740234375,-0.15593176939461903,-1.1858192878293152,1381.0,1.1858192878293152,1.0233491939777124
2024-07-24,5427.1298828125,-2.3421242222892857,-1.2466396101062691,1401.0,1.2466396101062691,1.1858192878293152
2024-07-25,5399.22021484375,-0.5155889019717259,-1.4146205516553312,1296.0,1.4146205516553312,1.2466396101062691
2024-07-26,5459.10009765625,1.1029420409570925,-1.2802220558505804,1374.0,1.2802220558505804,1.4146205516553312
2024-07-29,5463.5400390625,0.08129795718284517,-1.3936328991555396,1142.0,1.3936328991555396,1.2802220558505804
2024-07-30,5436.43994140625,-0.49725143613676215,-1.2167456114148403,1402.0,1.2167456114148403,1.3936328991555396
2024-07-31,5522.2998046875,1.5669980701917767,-1.5742144095982147,1370.0,1.5742144095982147,1.2167456114148403
2024-08-01,5446.68017578125,-1.3788123791990166,-1.7051633524711916,1346.0,1.7051633524711916,1.5742144095982147
2024-08-02,5346.56005859375,-1.855290660855327,-1.3441866021542443,1150.0,1.3441866021542443,1.7051633524711916
2024-08-05,5186.330078125,-3.04270413923931,-2.088151083339219,1163.0,2.088151083339219,1.3441866021542443
2024-08-06,5240.02978515625,1.0300849493599515,-1.4904203080080085,1367.0,1.4904203080080085,2.088151083339219
2024-08-07,5199.5,-0.7764715388769489,-1.7338162296472313,1331.0,1.7338162296472313,1.4904203080080085
2024-08-08,5319.31005859375,2.2781139590898882,-1.789645054023272,1428.0,1.789645054023272,1.7338162296472313
2024-08-09,5344.16015625,0.4660798434381699,-1.4115477323674295,1300.0,1.4115477323674295,1.789645054023272
2024-08-12,5344.39013671875,0.00430330517200971,-1.7009917280154088,1118.0,1.7009917280154088,1.4115477323674295
2024-08-13,5434.43017578125,1.6707233419049987,-1.8411548514217526,1315.0,1.8411548514217526,1.7009917280154088
2024-08-14,5455.2099609375,0.381643656119841,-1.584618571292852,1243.0,1.584618571292852,1.8411548514217526
2024-08-15,5543.22021484375,1.6004489931304131,-1.573324862627955,1421.0,1.573324862627955,1.584618571292852
2024-08-16,5554.25,0.19878023683961515,-1.4690364262788325,1316.0,1.4690364262788325,1.573324862627955
2024-08-19,5608.25,0.9675327436177775,-1.3621542711961823,1051.0,1.3621542711961823,1.4690364262788325
2024-08-20,5597.1201171875,-0.1986527237609709,-1.3387777985423248,1343.0,1.3387777985423248,1.3621542711961823
2024-08-21,5620.85009765625,0.4230714721006796,-1.2135704844976,1309.0,1.2135704844976,1.3387777985423248
2024-08-22,5570.64013671875,-0.8972942256657219,-0.9868768955596883,1344.0,0.9868768955596883,1.2135704844976
2024-08-23,5634.60986328125,1.141793740166443,-1.2915085792256544,1341.0,1.2915085792256544,0.9868768955596883
2024-08-26,5616.83984375,-0.3158710169605814,-1.8189259523263428,923.0,1.8189259523263428,1.2915085792256544
2024-08-27,5625.7998046875,0.15939251127232035,-1.469814796088731,1285.0,1.469814796088731,1.8189259523263428
2024-08-28,5592.18017578125,-0.5993900794735211,-1.4109954265525497,1447.0,1.4109954265525497,1.469814796088731
2024-08-29,5591.9599609375,-0.003937984343658622,-1.155016301531368,1504.0,1.155016301531368,1.4109954265525497
2024-08-30,5648.39990234375,1.004245707914417,-1.372331162937309,1365.0,1.372331162937309,1.155016301531368
2024-09-03,5528.93017578125,-2.1377963372397697,-1.5857043682327978,1253.0,1.5857043682327978,1.372331162937309
2024-09-04,5520.06982421875,-0.16038290273809633,-1.3960137287980403,1496.0,1.3960137287980403,1.5857043682327978
2024-09-05,5503.41015625,-0.3022581014674196,-1.4334343734977044,1290.0,1.4334343734977044,1.3960137287980403
2024-09-06,5408.419921875,-1.7410944507424406,-1.5311147978924207,1427.0,1.5311147978924207,1.4334343734977044
2024-09-09,5471.0498046875,1.1513534435818253,-1.433404284692704,1106.0,1.433404284692704,1.5311147978924207
2024-09-10,5495.52001953125,0.4462699977793541,-1.0990189547269957,1533.0,1.0990189547269957,1.433404284692704
2024-09-11,5554.1298828125,1.0608555649843339,-1.21428404541751,1487.0,1.21428404541751,1.0990189547269957
2024-09-12,5595.759765625,0.746735215680267,-1.1721692444560372,1416.0,1.1721692444560372,1.21428404541751
2024-09-13,5626.02001953125,0.5393142234356035,-1.3587820719717287,1374.0,1.3587820719717287,1.1721692444560372
2024-09-16,5633.08984375,0.12558408673102855,-1.263507776532864,1195.0,1.263507776532864,1.3587820719717287
2024-09-17,5634.580078125,0.026451509389645085,-1.4798297142148005,1367.0,1.4798297142148005,1.263507776532864
2024-09-18,5618.259765625,-0.2900658708313291,-1.527768214780746,1569.0,1.527768214780746,1.4798297142148005
2024-09-19,5713.64013671875,1.6834356892725129,-1.4590139475157078,1400.0,1.4590139475157078,1.527768214780746
2024-09-20,5702.5498046875,-0.1942913630015734,-1.4355732767750795,1294.0,1.4355732767750795,1.4590139475157078
2024-09-23,5718.56982421875,0.28053344257131224,-1.4070629663092393,1009.0,1.4070629663092393,1.4355732767750795
2024-09-24,5732.93017578125,0.2508031103345345,-1.1996038143452303,1413.0,1.1996038143452303,1.4070629663092393
2024-09-25,5722.259765625,-0.1862983206212128,-1.3763231537067946,1531.0,1.3763231537067946,1.1996038143452303
2024-09-26,5745.3701171875,0.4030542158199222,-1.4723189242728532,1354.0,1.4723189242728532,1.3763231537067946
2024-09-27,5738.169921875,-0.12540029000721237,-1.605940596512947,1254.0,1.605940596512947,1.4723189242728532
2024-09-30,5762.47998046875,0.4227603658441509,-1.2703629061954973,1230.0,1.2703629061954973,1.605940596512947
2024-10-01,5708.75,-0.9367848694454447,-1.2239105653593527,1368.0,1.2239105653593527,1.2703629061954973
2024-10-02,5709.5400390625,0.013838132698647728,-1.5176872238959744,1283.0,1.5176872238959744,1.2239105653593527
2024-10-03,5699.93994140625,-0.16828286544586896,-1.2740550023786643,1295.0,1.2740550023786643,1.5176872238959744
2024-10-04,5751.06982421875,0.8930255699186382,-1.3705556929321152,1173.0,1.3705556929321152,1.2740550023786643
2024-10-07,5695.93994140625,-0.9632263829388773,-1.3892623972255689,1066.0,1.3892623972255689,1.3705556929321152
2024-10-08,5751.1298828125,0.9642706804694385,-1.379342906059736,1439.0,1.379342906059736,1.3892623972255689
2024-10-09,5792.0400390625,0.7088231016994585,-1.1995519129425791,1455.0,1.1995519129425791,1.379342906059736
2024-10-10,5780.0498046875,-0.20722685059824847,-1.385837390896534,1364.0,1.385837390896534,1.1995519129425791
2024-10-11,5815.02978515625,0.603360870729872,-1.0889101857336645,1390.0,1.0889101857336645,1.385837390896534
2024-10-14,5859.85009765625,0.7678114574594324,-1.4644820957127949,1055.0,1.4644820957127949,1.0889101857336645
2024-10-15,5815.259765625,-0.7638566037513421,-1.1770512149164294,1295.0,1.1770512149164294,1.4644820957127949
2024-10-16,5842.47021484375,0.4668232782779766,-1.2706945361336033,1387.0,1.2706945361336033,1.1770512149164294
2024-10-17,5841.47021484375,-0.017117512853816633,-1.3001329454593678,1479.0,1.3001329454593678,1.2706945361336033
2024-10-18,5864.669921875,0.3963686942774387,-1.2469519840767604,1237.0,1.2469519840767604,1.3001329454593678
2024-10-21,5853.97998046875,-0.1824432756419033,-1.2941761095074642,1099.0,1.2941761095074642,1.2469519840767604
2024-10-22,5851.2001953125,-0.04749666671957937,-1.1022976421683315,1338.0,1.1022976421683315,1.2941761095074642
2024-10-23,5797.419921875,-0.9233824267679565,-1.2002047668976026,1327.0,1.2002047668976026,1.1022976421683315
2024-10-24,5809.85986328125,0.21434731305568283,-1.1339711254259979,1253.0,1.1339711254259979,1.2002047668976026
2024-10-25,5808.1201171875,-0.029949201318627088,-1.5748584867617899,1296.0,1.5748584867617899,1.1339711254259979
2024-10-28,5823.52001953125,0.2647934626732945,-1.0996453736805212,1015.0,1.0996453736805212,1.5748584867617899
2024-10-29,5832.919921875,0.16128259449012197,-1.128028192248964,1343.0,1.128028192248964,1.0996453736805212
2024-10-30,5813.669921875,-0.33056916724881186,-1.2134143215124769,1406.0,1.2134143215124769,1.128028192248964
2024-10-31,5705.4501953125,-1.8790134928745348,-1.1026965279353584,1313.0,1.1026965279353584,1.2134143215124769
2024-11-01,5728.7998046875,0.4084158004525459,-1.4756006445627767,1258.0,1.4756006445627767,1.1026965279353584
2024-11-04,5712.68994140625,-0.28160448131902915,-0.6075902983416109,1115.0,0.6075902983416109,1.4756006445627767
2024-11-05,5782.759765625,1.2191031029563082,-0.912011011879176,1270.0,0.912011011879176,0.6075902983416109
2024-11-06,5929.0400390625,2.4981280957186653,-0.8129273957726753,1391.0,0.8129273957726753,0.912011011879176
2024-11-07,5973.10009765625,0.7403754173995657,-1.1649329159096262,1369.0,1.1649329159096262,0.8129273957726753
2024-11-08,5995.5400390625,0.37497940357180465,-0.7891044459724351,1348.0,0.7891044459724351,1.1649329159096262
2024-11-11,6001.35009765625,0.09685941909569239,-0.790597148980968,982.0,0.790597148980968,0.7891044459724351
2024-11-12,5983.990234375,-0.28968514769364995,-1.1601430222410676,1130.0,1.1601430222410676,0.790597148980968
2024-11-13,5985.3798828125,0.023220076414018385,-0.908584708998335,1460.0,0.908584708998335,1.1601430222410676
2024-11-14,5949.169921875,-0.6068108582244001,-1.1810778809674347,1469.0,1.1810778809674347,0.908584708998335
2024-11-15,5870.6201171875,-1.3291430866793768,-1.0639582477608118,1286.0,1.0639582477608118,1.1810778809674347
2024-11-18,5893.6201171875,0.39101597462065374,-1.235781404104209,968.0,1.235781404104209,1.0639582477608118
2024-11-19,5916.97998046875,0.3955750520596487,-1.1324959851787304,1203.0,1.1324959851787304,1.235781404104209
2024-11-20,5917.10986328125,0.00219506213354446,-1.2141834693155358,1404.0,1.2141834693155358,1.1324959851787304
2024-11-21,5948.7099609375,0.5326251844288491,-1.1082014103344802,1497.0,1.1082014103344802,1.2141834693155358
2024-11-22,5969.33984375,0.34619595915364654,-1.1416543345542352,1248.0,1.1416543345542352,1.1082014103344802
2024-11-25,5987.3701171875,0.30159278201245415,-0.8240449861044359,1071.0,0.8240449861044359,1.1416543345542352
2024-11-26,6021.6298828125,0.5705697155263866,-1.0720273840116143,1215.0,1.0720273840116143,0.8240449861044359
2024-11-27,5998.740234375,-0.38084810835777116,-1.2744624424822106,1319.0,1.2744624424822106,1.0720273840116143
2024-11-29,6032.3798828125,0.5592120396801623,-0.8691185679401462,1003.0,0.8691185679401462,1.2744624424822106
2024-12-02,6047.14990234375,0.24454638805813736,-0.9655125914143798,1025.0,0.9655125914143798,0.8691185679401462
2024-12-03,6049.8798828125,0.04513472420221813,-1.161905440721898,1408.0,1.161905440721898,0.9655125914143798
2024-12-04,6086.490234375,0.603318162813612,-1.0093929305334393,1334.0,1.0093929305334393,1.161905440721898
2024-12-05,6075.10986328125,-0.18715258393823342,-1.197005406365754,1414.0,1.197005406365754,1.0093929305334393
2024-12-06,6090.27001953125,0.24923453675383123,-1.1510839760864713,1325.0,1.1510839760864713,1.197005406365754
2024-12-09,6052.85009765625,-0.6163167285227462,-1.1123347940279733,1131.0,1.1123347940279733,1.1510839760864713
2024-12-10,6034.91015625,-0.2968284314279252,-1.5753976481836893,1288.0,1.5753976481836893,1.1123347940279733
2024-12-11,6084.18994140625,0.8132626411368236,-1.3017253034566474,1330.0,1.3017253034566474,1.5753976481836893
2024-12-12,6051.25,-0.5428731461463251,-1.0139439029383641,1437.0,1.0139439029383641,1.3017253034566474
2024-12-13,6051.08984375,-0.002646698937187397,-1.0271662430934256,1390.0,1.0271662430934256,1.0139439029383641
2024-12-16,6074.080078125,0.37921550087844297,-1.144688838379724,1154.0,1.144688838379724,1.0271662430934256
2024-12-17,6050.60986328125,-0.3871479480655496,-1.6110879708781767,1346.0,1.6110879708781767,1.144688838379724
2024-12-18,5872.16015625,-2.993650530451818,-1.4915911123997225,1226.0,1.4915911123997225,1.6110879708781767
2024-12-19,5867.080078125,-0.08654867505367933,-1.474479318882032,1370.0,1.474479318882032,1.4915911123997225
2024-12-20,5930.85009765625,1.08104794023973,-1.4916671823903342,1280.0,1.4916671823903342,1.474479318882032
2024-12-23,5974.06982421875,0.7260849585616372,-1.238406590896702,844.0,1.238406590896702,1.4916671823903342
2024-12-24,6040.0400390625,1.0982233165126825,-1.178489293455714,966.0,1.178489293455714,1.238406590896702
2024-12-26,6037.58984375,-0.04057410882578191,-1.242353695811305,700.0,1.242353695811305,1.178489293455714
2024-12-27,5970.83984375,-1.1117304964912211,-1.6067190147727464,878.0,1.6067190147727464,1.242353695811305
2024-12-30,5906.93994140625,-1.0759673941729728,-1.1607355292194197,983.0,1.1607355292194197,1.6067190147727464
2024-12-31,5881.6298828125,-0.4294006458982307,-1.2855105473874748,1055.0,1.2855105473874748,1.1607355292194197
2025-01-02,5868.5498046875,-0.22263631494489922,-1.8862993125988816,905.0,1.8862993125988816,1.2855105473874748
2025-01-03,5942.47021484375,1.251735670782609,-1.4559182726619608,1071.0,1.4559182726619608,1.8862993125988816
2025-01-06,5975.3798828125,0.5522766496818171,-0.9633619777538921,1108.0,0.9633619777538921,1.4559182726619608
2025-01-07,5909.02978515625,-1.116602151663701,-1.2908981750701622,1395.0,1.2908981750701622,0.9633619777538921
2025-01-08,5918.25,0.15591440938312423,-1.3618326257884472,1441.0,1.3618326257884472,1.2908981750701622
2025-01-10,5827.0400390625,-1.5531637650233374,-1.9003839877632094,1305.0,1.9003839877632094,1.3618326257884472
2025-01-13,5836.22021484375,0.15742043780551176,-1.5304048861961868,1047.0,1.5304048861961868,1.9003839877632094
2025-01-14,5842.91015625,0.1145623334164268,-1.3027663551083353,1299.0,1.3027663551083353,1.5304048861961868
2025-01-15,5949.91015625,1.8147132504516372,-1.2673186071304794,1500.0,1.2673186071304794,1.3027663551083353
2025-01-16,5937.33984375,-0.21149243408667612,-1.0220468778023244,1387.0,1.0220468778023244,1.2673186071304794
2025-01-17,5996.66015625,0.9941478308394033,-1.089276976356389,1432.0,1.089276976356389,1.0220468778023244
2025-01-21,6049.240234375,0.8730009440596049,-1.153868796105842,1291.0,1.153868796105842,1.089276976356389
2025-01-22,6086.3701171875,0.611918108699413,-1.1367269348410776,1544.0,1.1367269348410776,1.153868796105842
2025-01-23,6118.7099609375,0.5299419459529372,-1.3250851793162948,1453.0,1.3250851793162948,1.1367269348410776
2025-01-24,6101.240234375,-0.2859215984467759,-1.1778521112316527,1148.0,1.1778521112316527,1.3250851793162948
2025-01-27,6012.27978515625,-1.4688059032112328,-1.4878844327460494,971.0,1.4878844327460494,1.1778521112316527
2025-01-28,6067.7001953125,0.9175644177716802,-1.45527697801561,1335.0,1.45527697801561,1.4878844327460494
2025-01-29,6039.31005859375,-0.4689876056919602,-1.3715301982501367,1390.0,1.3715301982501367,1.45527697801561
2025-01-30,6071.169921875,0.5261548152180238,-1.410199102772482,1431.0,1.410199102772482,1.3715301982501367
2025-01-31,6040.52978515625,-0.5059603990267195,-1.4945262957792675,1343.0,1.4945262957792675,1.410199102772482
2025-02-03,5994.56982421875,-0.7637690729495203,-1.0894929310790493,1172.0,1.0894929310790493,1.4945262957792675
2025-02-04,6037.8798828125,0.7198907403029113,-1.2053863278453507,1271.0,1.2053863278453507,1.0894929310790493
2025-02-05,6061.47998046875,0.39010539156136137,-1.1003837738117122,1361.0,1.1003837738117122,1.2053863278453507
2025-02-06,6083.56982421875,0.3637674355266266,-1.179576274565604,1314.0,1.179576274565604,1.1003837738117122
2025-02-07,6025.990234375,-0.9509845693660199,-1.3167873713927918,1256.0,1.3167873713927918,1.179576274565604
2025-02-10,6066.43994140625,0.6690112295455173,-1.3602970149272477,927.0,1.3602970149272477,1.3167873713927918
2025-02-11,6068.5,0.03395251436738552,-1.2866970779727507,1180.0,1.2866970779727507,1.3602970149272477
2025-02-12,6051.97021484375,-0.27275831896475755,-1.1779118645267412,1375.0,1.1779118645267412,1.2866970779727507
2025-02-13,6115.06982421875,1.0372313214235747,-0.9674605119566698,1334.0,0.9674605119566698,1.1779118645267412
2025-02-14,6114.6298828125,-0.00719463955744955,-1.1816063450203853,1001.0,1.1816063450203853,0.9674605119566698
2025-02-18,6129.580078125,0.24420036555518088,-1.1177837420306374,1238.0,1.1177837420306374,1.1816063450203853
2025-02-19,6144.14990234375,0.23741488668242433,-1.3453665805195156,1293.0,1.3453665805195156,1.1177837420306374
2025-02-20,6117.52001953125,-0.4343604884290259,-1.3043379886765711,1220.0,1.3043379886765711,1.3453665805195156
2025-02-21,6013.1298828125,-1.7211396672539132,-1.2616559779023044,1263.0,1.2616559779023044,1.3043379886765711
2025-02-24,5983.25,-0.4981493566252351,-1.0418954725322633,1049.0,1.0418954725322633,1.2616559779023044
2025-02-25,5955.25,-0.4690715138395557,-1.247113654107753,1354.0,1.247113654107753,1.0418954725322633
2025-02-26,5956.06005859375,0.013601502958346572,-1.1987317774370037,1478.0,1.1987317774370037,1.247113654107753
2025-02-27,5861.56982421875,-1.5991742678524652,-1.1471995890946316,1358.0,1.1471995890946316,1.1987317774370037
2025-02-28,5954.5,1.5729780420663384,-1.2132804964812347,1192.0,1.2132804964812347,1.1471995890946316
2025-03-03,5849.72021484375,-1.7753402648308867,-0.752875655183348,1149.0,0.752875655183348,1.2132804964812347
2025-03-04,5778.14990234375,-1.2310288231505477,-1.2483167185312225,1428.0,1.2483167185312225,0.752875655183348
2025-03-05,5842.6298828125,1.1097472528735688,-1.2404950005476882,1472.0,1.2404950005476882,1.2483167185312225
2025-03-06,5738.52001953125,-1.7979677107455567,-1.3356735819389447,1316.0,1.3356735819389447,1.2404950005476882
2025-03-07,5770.2001953125,0.5505435045454466,-1.5494780635719387,1418.0,1.5494780635719387,1.3356735819389447
2025-03-10,5614.56005859375,-2.734354178842815,-1.2457732611926928,1084.0,1.2457732611926928,1.5494780635719387
2025-03-11,5572.06982421875,-0.7596646918536578,-1.7097905269970404,1312.0,1.7097905269970404,1.2457732611926928
2025-03-12,5599.2998046875,0.48749679404907775,-1.4030075654463872,1400.0,1.4030075654463872,1.7097905269970404
2025-03-13,5521.52001953125,-1.3988366806464148,-1.1831746764978694,1327.0,1.1831746764978694,1.4030075654463872
2025-03-14,5638.93994140625,2.1042905953196938,-1.123228829212509,1278.0,1.123228829212509,1.1831746764978694
2025-03-17,5675.1201171875,0.6395634974606036,-1.4747710069944613,1080.0,1.4747710069944613,1.123228829212509
2025-03-18,5614.66015625,-1.0710667074319702,-1.200287852105896,1473.0,1.200287852105896,1.4747710069944613
2025-03-19,5675.2900390625,1.0740608172953767,-1.2572748200887758,1345.0,1.2572748200887758,1.200287852105896
2025-03-20,5662.89013671875,-0.2187283513782985,-1.1773800134292776,1185.0,1.1773800134292776,1.2572748200887758
2025-03-21,5667.56005859375,0.0824313607832321,-1.2461766930639215,1345.0,1.2461766930639215,1.1773800134292776
2025-03-24,5767.56982421875,1.749211712863917,-1.3978503518506615,971.0,1.3978503518506615,1.2461766930639215
2025-03-25,5776.64990234375,0.15730954906538205,-1.3571541687442938,1277.0,1.3571541687442938,1.3978503518506615
2025-03-26,5712.2001953125,-1.1219640357598033,-1.3908862698708608,1393.0,1.3908862698708608,1.3571541687442938
2025-03-27,5693.31005859375,-0.33124610071321114,-1.3876617440878203,1316.0,1.3876617440878203,1.3908862698708608
2025-03-28,5580.93994140625,-1.9934601126853548,-1.2038372354811384,1339.0,1.2038372354811384,1.3876617440878203
2025-03-31,5611.85009765625,0.5523240357645721,-1.4388815006974367,1054.0,1.4388815006974367,1.2038372354811384
2025-04-01,5633.06982421875,0.37741045552120667,-1.3707353243168487,1287.0,1.3707353243168487,1.4388815006974367
2025-04-02,5670.97021484375,0.6705661429484109,-1.3159049412457733,1408.0,1.3159049412457733,1.3707353243168487
2025-04-03,5396.52001953125,-4.960591182899663,-1.3736478279567388,1397.0,1.3736478279567388,1.3159049412457733
2025-04-04,5074.080078125,-6.160906189823093,-1.721812243589687,1192.0,1.721812243589687,1.3736478279567388
2025-04-07,5062.25,-0.23341946059635882,-1.670751154743671,1071.0,1.670751154743671,1.721812243589687
2025-04-08,4982.77001953125,-1.5825083277054854,-1.1502616963732424,1366.0,1.1502616963732424,1.670751154743671
2025-04-09,5456.89990234375,9.089487983303645,-1.3279636830038082,1339.0,1.3279636830038082,1.1502616963732424
2025-04-10,5268.0498046875,-3.522060702411168,-1.2189545366152912,1366.0,1.2189545366152912,1.3279636830038082
2025-04-11,5363.35986328125,1.793038083577807,-1.3408183875725521,1305.0,1.3408183875725521,1.2189545366152912
2025-04-14,5405.97021484375,0.7913319326342991,-1.3516001535485405,984.0,1.3516001535485405,1.3408183875725521
2025-04-15,5396.6298828125,-0.1729275225300909,-1.2403116867836195,1240.0,1.2403116867836195,1.3516001535485405
2025-04-16,5275.7001953125,-2.2663253964902528,-1.5267620997970333,1354.0,1.5267620997970333,1.2403116867836195
2025-04-17,5282.7001953125,0.1325958623772775,-1.1808783445961875,1355.0,1.1808783445961875,1.5267620997970333
2025-04-21,5158.2001953125,-2.384964833401801,-1.2598798249503327,970.0,1.2598798249503327,1.1808783445961875
2025-04-22,5287.759765625,2.480695212545062,-1.2321580669651153,1237.0,1.2321580669651153,1.2598798249503327
2025-04-23,5375.85986328125,1.6523864366879457,-1.7507814141778444,1243.0,1.7507814141778444,1.2321580669651153
2025-04-24,5484.77001953125,2.0056628082583163,-1.7186838905099682,1259.0,1.7186838905099682,1.7507814141778444
2025-04-25,5525.2099609375,0.7346084795700513,-1.5001713617178138,1293.0,1.5001713617178138,1.7186838905099682
2025-04-28,5528.75,0.06405015390019334,-1.7038567654587513,1063.0,1.7038567654587513,1.5001713617178138
2025-04-29,5560.830078125,0.5785641545556399,-1.438778848620988,1364.0,1.438778848620988,1.7038567654587513
2025-04-30,5569.06005859375,0.14788972519335208,-1.2431664427328368,1315.0,1.2431664427328368,1.438778848620988
2025-05-01,5604.14013671875,0.6279345716451974,-1.1029016847604909,1331.0,1.1029016847604909,1.2431664427328368
2025-05-02,5686.669921875,1.461919110911272,-1.2818755059667952,1295.0,1.2818755059667952,1.1029016847604909
2025-05-05,5650.3798828125,-0.6402047029318447,-1.4876177254313745,988.0,1.4876177254313745,1.2818755059667952
2025-05-06,5606.91015625,-0.7722985278391797,-1.416180299577179,1218.0,1.416180299577179,1.4876177254313745
2025-05-07,5631.27978515625,0.4336938106710132,-1.4522100827409312,1258.0,1.4522100827409312,1.416180299577179
2025-05-08,5663.93994140625,0.5783021147465641,-1.003604416263701,1385.0,1.003604416263701,1.4522100827409312
2025-05-09,5659.91015625,-0.07117341348763633,-1.18144954301873,1190.0,1.18144954301873,1.003604416263701
2025-05-12,5844.18994140625,3.2039976677020814,-1.3574415321249127,1025.0,1.3574415321249127,1.18144954301873
2025-05-13,5886.5498046875,0.7222059020245977,-1.349675028903802,1224.0,1.349675028903802,1.3574415321249127
2025-05-14,5892.580078125,0.10238912422760539,-1.3524282705608737,1266.0,1.3524282705608737,1.349675028903802
2025-05-15,5916.93017578125,0.4123817438757677,-1.2607584889253785,1216.0,1.2607584889253785,1.3524282705608737
2025-05-16,5958.3798828125,0.6980849368100189,-1.3698549626245424,1202.0,1.3698549626245424,1.2607584889253785
2025-05-19,5963.60009765625,0.08757295660482738,-0.8999356218654434,1008.0,0.8999356218654434,1.3698549626245424
2025-05-20,5940.4599609375,-0.38877770695725783,-1.3666642713014994,1294.0,1.3666642713014994,0.8999356218654434
2025-05-21,5844.60986328125,-1.6266719267758898,-1.0598920866918484,1332.0,1.0598920866918484,1.3666642713014994
2025-05-22,5842.009765625,-0.04449700224211693,-1.375690444681425,1292.0,1.375690444681425,1.0598920866918484
2025-05-23,5802.81982421875,-0.6730899591473138,-1.410902231933281,1247.0,1.410902231933281,1.375690444681425
2025-05-27,5921.5400390625,2.0252580802184372,-1.30887148672999,1015.0,1.30887148672999,1.410902231933281
2025-05-28,5888.5498046875,-0.5586802576444734,-1.0920095850737996,1275.0,1.0920095850737996,1.30887148672999
2025-05-29,5912.169921875,0.40031708706317415,-1.2889716105606646,1135.0,1.2889716105606646,1.0920095850737996
2025-05-30,5911.68994140625,-0.008118845699520563,-1.493346006229669,1086.0,1.493346006229669,1.2889716105606646
2025-06-02,5935.93994140625,0.4093651490626028,-1.6852531214293915,1063.0,1.6852531214293915,1.493346006229669
2025-06-03,5970.3701171875,0.5783533535368979,-1.3411188226259554,1303.0,1.3411188226259554,1.6852531214293915
2025-06-04,5970.81005859375,0.007368474471916267,-1.402826138200742,1327.0,1.402826138200742,1.3411188226259554
2025-06-05,5939.2998046875,-0.5291357978698112,-1.5658620551567146,1324.0,1.5658620551567146,1.402826138200742
2025-06-06,6000.35986328125,1.0228196215376713,-1.583071171945312,1255.0,1.583071171945312,1.5658620551567146
2025-06-09,6005.8798828125,0.09195251863913659,-1.6066822490494788,992.0,1.6066822490494788,1.583071171945312
2025-06-10,6038.81005859375,0.5468012541646841,-1.7997040202014474,1288.0,1.7997040202014474,1.6066822490494788
2025-06-11,6022.240234375,-0.2747660318287345,-1.3480643101463505,1275.0,1.3480643101463505,1.7997040202014474
2025-06-12,6045.259765625,0.38151330716763876,-1.5886080890399596,955.0,1.5886080890399596,1.3480643101463505
2025-06-13,5976.97021484375,-1.136066859010289,-1.6748351283120773,1259.0,1.6748351283120773,1.5886080890399596
2025-07-03,6279.35009765625,0.8304378210663941,-1.8602355517417197,1422.0,1.8602355517417197,1.1740523196625086
2025-07-07,6229.97998046875,-0.7893368104244017,-1.9538406933857082,1166.0,1.9538406933857082,1.8602355517417197
2025-07-08,6225.52001953125,-0.07161432504695749,-1.553416956594984,1339.0,1.553416956594984,1.9538406933857082
2025-07-09,6263.259765625,0.604380277677969,-1.4361114729546938,1456.0,1.4361114729546938,1.553416956594984
2025-07-10,6280.4599609375,0.27424410729257914,-1.2225341325154677,1156.0,1.2225341325154677,1.4361114729546938
2025-07-11,6259.75,-0.33029717732258423,-1.4877877773702886,1308.0,1.4877877773702886,1.2225341325154677
2025-07-14,6268.56005859375,0.14064243309367944,-1.4928353443492455,986.0,1.4928353443492455,1.4877877773702886
2025-07-15,6243.759765625,-0.3964145065672561,-1.3424334843827834,1389.0,1.3424334843827834,1.4928353443492455
2025-07-16,6263.7001953125,0.31885685253844154,-1.5225846444911748,1242.0,1.5225846444911748,1.3424334843827834
2025-07-17,6297.35986328125,0.5359380240011014,-1.4936913892334818,1228.0,1.4936913892334818,1.5225846444911748
2025-07-18,6296.7900390625,-0.009049030280841674,-1.3372183992019462,1045.0,1.3372183992019462,1.4936913892334818
2025-07-21,6305.60009765625,0.13981570056732562,-1.4874011920489343,1090.0,1.4874011920489343,1.3372183992019462
2025-07-22,6309.6201171875,0.0637328496666757,-1.5731122508790103,1351.0,1.5731122508790103,1.4874011920489343
2025-07-23,6358.91015625,0.7781532145702873,-1.573241342137409,1196.0,1.573241342137409,1.5731122508790103
2025-07-24,6363.35009765625,0.06979799969332513,-1.3995462273116124,1429.0,1.3995462273116124,1.573241342137409
2025-07-25,6388.64013671875,0.39664510016805515,-1.465943349467189,1167.0,1.465943349467189,1.3995462273116124
2025-07-28,6389.77001953125,0.017684247126657598,-1.6256892447281195,1015.0,1.6256892447281195,1.465943349467189
2025-07-29,6370.85986328125,-0.2963830197466829,-1.6957997017621589,1255.0,1.6957997017621589,1.6256892447281195
2025-07-30,6362.89990234375,-0.1250213938509471,-1.3143151570811489,1260.0,1.3143151570811489,1.6957997017621589
2025-07-31,6339.39013671875,-0.3701662046374567,-1.3339584350953553,1176.0,1.3339584350953553,1.3143151570811489
2025-08-01,6238.009765625,-1.61213871855698,-1.5553403566919892,1515.0,1.5553403566919892,1.3339584350953553
2025-08-04,6329.93994140625,1.4629564491414495,-1.7510697621190696,1041.0,1.7510697621190696,1.5553403566919892
2025-08-05,6299.18994140625,-0.48697037804620164,-1.2535915294949485,1230.0,1.2535915294949485,1.7510697621190696
2025-08-06,6345.06005859375,0.7255522219852605,-1.7047420248306207,1141.0,1.7047420248306207,1.2535915294949485
2025-08-07,6340.0,-0.07977981718278668,-1.3435960442116335,1279.0,1.3435960442116335,1.7047420248306207
2025-08-08,6389.4501953125,0.7769454816389475,-1.3841747703532512,1113.0,1.3841747703532512,1.3435960442116335
2025-08-11,6373.4501953125,-0.2507268393885107,-1.4366944669883015,1051.0,1.4366944669883015,1.3841747703532512
2025-08-12,6445.759765625,1.1281559075170764,-1.7485474227453044,1250.0,1.7485474227453044,1.4366944669883015
2025-08-13,6466.580078125,0.32248733840464017,-1.7115599374938055,1326.0,1.7115599374938055,1.7485474227453044
2025-08-14,6468.5400390625,0.030304487855445178,-1.6194301359744288,1246.0,1.6194301359744288,1.7115599374938055
2025-08-15,6449.7998046875,-0.29013399163647113,-1.4936304880982243,1123.0,1.4936304880982243,1.6194301359744288
2025-08-18,6449.14990234375,-0.010076825773579618,-1.620410479432946,1022.0,1.620410479432946,1.4936304880982243
2025-08-19,6411.3701171875,-0.5875329112207127,-1.4573481606355883,1176.0,1.4573481606355883,1.620410479432946
2025-08-20,6395.77978515625,-0.24346306322649572,-1.6701482212232948,1224.0,1.6701482212232948,1.4573481606355883
2025-08-21,6370.169921875,-0.40122197289511224,-1.4625168255982424,1180.0,1.4625168255982424,1.6701482212232948
2025-08-22,6466.91015625,1.507228515877914,-1.6453084492025352,1203.0,1.6453084492025352,1.4625168255982424
2025-08-25,6439.31982421875,-0.42755125396463195,-1.643479861340934,993.0,1.643479861340934,1.6453084492025352
2025-08-26,6465.93994140625,0.412547371011636,-1.830732852951822,1054.0,1.830732852951822,1.643479861340934
2025-08-27,6481.39990234375,0.23881304533030262,-1.6203442538359547,1188.0,1.6203442538359547,1.830732852951822
2025-08-28,6501.85986328125,0.3151747441466755,-1.7045064664832168,1126.0,1.7045064664832168,1.6203442538359547
2025-08-29,6460.259765625,-0.6418740402792551,-1.734866565869789,1044.0,1.734866565869789,1.7045064664832168
2025-09-02,6415.5400390625,-0.6946350061030363,-1.4542396022194026,999.0,1.4542396022194026,1.734866565869789
2025-09-03,6448.259765625,0.5087112302941308,-1.5239159720901783,1188.0,1.5239159720901783,1.4542396022194026
2025-09-04,6502.080078125,0.8311847102873573,-1.4208383436777046,1309.0,1.4208383436777046,1.5239159720901783
2025-09-05,6481.5,-0.317017266993674,-1.6134479249758418,1272.0,1.6134479249758418,1.4208383436777046
2025-09-08,6495.14990234375,0.21037644508885675,-1.7007263785912088,1009.0,1.7007263785912088,1.6134479249758418
2025-09-09,6512.60986328125,0.26845470300734414,-1.4750219846264903,1373.0,1.4750219846264903,1.7007263785912088
2025-09-10,6532.0400390625,0.29790282293981274,-1.2809336625531558,1218.0,1.2809336625531558,1.4750219846264903
2025-09-11,6587.47021484375,0.8450087623093565,-1.3981827435484686,1170.0,1.3981827435484686,1.2809336625531558
2025-09-12,6584.2900390625,-0.04828778814283294,-1.4157222638217943,1198.0,1.4157222638217943,1.3981827435484686
2025-09-15,6615.27978515625,0.4695577726559718,-1.0353149455730024,1073.0,1.0353149455730024,1.4157222638217943
2025-09-16,6606.759765625,-0.12887604333313246,-1.2967724434546943,1231.0,1.2967724434546943,1.0353149455730024
2025-09-17,6600.35009765625,-0.09706390782443865,-1.487738253778743,1280.0,1.487738253778743,1.2967724434546943
2025-09-18,6631.9599609375,0.47776878367082626,-1.3804043942552449,1266.0,1.3804043942552449,1.487738253778743
2025-09-19,6664.35986328125,0.48735239374811773,-1.3256813785818156,1142.0,1.3256813785818156,1.3804043942552449
2025-09-22,6693.75,0.4400350714762291,-1.3010235154558756,1030.0,1.3010235154558756,1.3256813785818156
2025-09-23,6656.919921875,-0.5517351828739722,-1.3702652292272455,1171.0,1.3702652292272455,1.3010235154558756
2025-09-24,6637.97021484375,-0.28506771652953694,-1.6098407713468057,1094.0,1.6098407713468057,1.3702652292272455
2025-09-25,6604.72021484375,-0.5021648742526333,-1.4420891470187414,1123.0,1.4420891470187414,1.6098407713468057
2025-09-26,6643.7001953125,0.5884489130413512,-1.5580750729149502,1175.0,1.5580750729149502,1.4420891470187414
2025-09-29,6661.2099609375,0.26320772599126185,-1.4994724611977661,1003.0,1.4994724611977661,1.5580750729149502
2025-09-30,6688.4599609375,0.408250361350792,-1.1389531928003043,1271.0,1.1389531928003043,1.4994724611977661
2025-10-01,6711.2001953125,0.3394154171223507,-1.2020186057857016,1178.0,1.2020186057857016,1.1389531928003043
2025-10-02,6715.35009765625,0.06181636213842447,-1.3452618695565182,1175.0,1.3452618695565182,1.2020186057857016
2025-10-03,6715.7900390625,0.00655106568658717,-1.2864668675074065,1269.0,1.2864668675074065,1.3452618695565182
2025-10-06,6740.27978515625,0.3639959282762629,-1.27056256892706,901.0,1.27056256892706,1.2864668675074065
2025-10-07,6714.58984375,-0.3818687706853079,-1.1714488478351475,1046.0,1.1714488478351475,1.27056256892706
2025-10-08,6753.72021484375,0.5810748494187323,-1.2985555518620144,1243.0,1.2985555518620144,1.1714488478351475
2025-10-09,6735.10986328125,-0.27593739802789824,-1.1468713032137487,1087.0,1.1468713032137487,1.2985555518620144
2025-10-10,6552.509765625,-2.748597543989981,-1.3162761929960178,1166.0,1.3162761929960178,1.1468713032137487
2025-10-13,6654.72021484375,1.547826303693403,-1.4316400344774813,943.0,1.4316400344774813,1.3162761929960178
2025-10-14,6644.31005859375,-0.15655514969425702,-0.8864498779501682,1201.0,0.8864498779501682,1.4316400344774813
2025-10-15,6671.06005859375,0.40179185034279785,-1.1469168263540916,1235.0,1.1469168263540916,0.8864498779501682
2025-10-16,6629.06982421875,-0.6314280275141976,-1.1000377806501995,1274.0,1.1000377806501995,1.1469168263540916
2025-10-17,6664.009765625,0.5256873944526299,-1.3855268364032158,1116.0,1.3855268364032158,1.1000377806501995
2025-10-20,6735.1298828125,1.0615724136144116,-1.3473599886327885,882.0,1.3473599886327885,1.3855268364032158
2025-10-21,6735.35009765625,0.0032695916416987966,-1.2676088754407704,1339.0,1.2676088754407704,1.3473599886327885
2025-10-22,6699.39990234375,-0.535183477474303,-1.0584054424100393,1277.0,1.0584054424100393,1.2676088754407704
2025-10-23,6738.43994140625,0.5810479862013386,-1.232838957249521,1247.0,1.232838957249521,1.0584054424100393
2025-10-24,6791.68994140625,0.7871361975244857,-1.6245474767052757,1156.0,1.6245474767052757,1.232838957249521
2025-10-27,6875.16015625,1.221514132737935,-1.3946598820895502,1033.0,1.3946598820895502,1.6245474767052757
2025-10-28,6890.89013671875,0.22853305022299256,-1.5332510914413673,1335.0,1.5332510914413673,1.3946598820895502
2025-10-29,6890.58984375,-0.004357920473317536,-1.6586260318106654,1312.0,1.6586260318106654,1.5332510914413673
2025-10-30,6822.33984375,-0.9954191424534511,-1.0510465278104844,1161.0,1.0510465278104844,1.6586260318106654
2025-10-31,6840.2001953125,0.26145009178832707,-1.4708514963347952,1243.0,1.4708514963347952,1.0510465278104844
2025-11-03,6851.97021484375,0.17192339969181522,-1.2655127218180393,979.0,1.2655127218180393,1.4708514963347952
2025-11-04,6771.5498046875,-1.1806250392326718,-1.0362645126503867,1210.0,1.0362645126503867,1.2655127218180393
2025-11-05,6796.2900390625,0.36468976756877186,-0.899380389385253,1304.0,0.899380389385253,1.0362645126503867
2025-11-06,6720.31982421875,-1.1241134514722728,-1.2388643426575154,1288.0,1.2388643426575154,0.899380389385253
2025-11-07,6728.7998046875,0.12610463474931072,-0.7149919268024553,1129.0,0.7149919268024553,1.2388643426575154
2025-11-10,6832.43017578125,1.5283626703501814,-1.1993120936160915,886.0,1.1993120936160915,0.7149919268024553
2025-11-11,6846.60986328125,0.20731999523923178,-1.0275820387791843,1248.0,1.0275820387791843,1.1993120936160915
2025-11-12,6850.919921875,0.06293191259445972,-0.8137256013135283,1221.0,0.8137256013135283,1.0275820387791843
2025-11-13,6737.490234375,-1.6695451630927778,-1.257080432288911,1152.0,1.257080432288911,0.8137256013135283
2025-11-14,6734.10986328125,-0.05018514712717733,-1.263114177235335,1170.0,1.263114177235335,1.257080432288911
2025-11-17,6672.41015625,-0.9204497894305158,-1.1341769226986587,908.0,1.1341769226986587,1.263114177235335
2025-11-18,6617.31982421875,-0.8290709844169318,-1.1124353993541434,1164.0,1.1124353993541434,1.1341769226986587
2025-11-19,6642.16015625,0.37468077372653297,-1.1276115636954995,1291.0,1.1276115636954995,1.1124353993541434
2025-11-20,6538.759765625,-1.568972611631523,-1.1391296224938379,1288.0,1.1391296224938379,1.1276115636954995
2025-11-21,6602.990234375,0.9775103041592068,-1.0118434337291118,1310.0,1.0118434337291118,1.1391296224938379
2025-11-24,6705.1201171875,1.5348818899081837,-1.0848768345239357,972.0,1.0848768345239357,1.0118434337291118
2025-11-25,6765.8798828125,0.9020886000832944,-1.069688083410102,1250.0,1.069688083410102,1.0848768345239357
2025-11-26,6812.60986328125,0.6882969436149685,-1.0269015524693201,1241.0,1.0269015524693201,1.069688083410102
2025-11-28,6849.08984375,0.5340487341137372,-1.0063786551519907,866.0,1.0063786551519907,1.0269015524693201
2025-12-01,6812.6298828125,-0.5337548746055967,-1.100461363246002,931.0,1.100461363246002,1.0063786551519907
2025-12-02,6829.3701171875,0.24542211959366173,-1.1969786302465633,1136.0,1.1969786302465633,1.100461363246002
2025-12-03,6849.72021484375,0.2975360521085286,-1.2170460543510555,1220.0,1.2170460543510555,1.1969786302465633
2025-12-04,6857.1201171875,0.1079738711974404,-1.129184846396846,1177.0,1.129184846396846,1.2170460543510555
2025-12-05,6870.39990234375,0.19347688846794775,-1.0414734809055302,1169.0,1.0414734809055302,1.129184846396846
2025-12-08,6846.509765625,-0.34833153316476934,-1.177181319946924,999.0,1.177181319946924,1.0414734809055302
2025-12-09,6840.509765625,-0.08767431610132385,-1.003294419302161,1226.0,1.003294419302161,1.177181319946924
2025-12-10,6886.68017578125,0.6726880659139977,-0.9590090030301239,1204.0,0.9590090030301239,1.003294419302161
2025-12-11,6901.0,0.207719198371703,-0.9773410810748294,1273.0,0.9773410810748294,0.9590090030301239
2025-12-12,6827.41015625,-1.0720913458554537,-1.1877501114480995,1195.0,1.1877501114480995,0.9773410810748294
2025-12-15,6816.509765625,-0.15978388918367073,-1.59528083019091,981.0,1.59528083019091,1.1877501114480995
2025-12-16,6800.259765625,-0.238676400843967,-1.624328738712468,1107.0,1.624328738712468,1.59528083019091
2025-12-17,6721.43017578125,-1.165985661137129,-1.5071773645109026,1294.0,1.5071773645109026,1.624328738712468
2025-12-18,6774.759765625,0.7902951520479157,-1.339815347297913,1202.0,1.339815347297913,1.5071773645109026
2025-12-19,6834.5,0.8779407421828872,-1.412655596791332,1058.0,1.412655596791332,1.339815347297913
2025-12-22,6878.490234375,0.6415870575561936,-1.40653340489598,879.0,1.40653340489598,1.412655596791332
2025-12-23,6909.7900390625,0.4540067046788208,-1.4960858671932151,1077.0,1.4960858671932151,1.40653340489598
2025-12-24,6932.0498046875,0.3216304344700709,-1.366966125709102,918.0,1.366966125709102,1.4960858671932151
2025-12-26,6929.93994140625,-0.030440987710828846,-1.6595833975903707,639.0,1.6595833975903707,1.366966125709102
2025-12-29,6905.740234375,-0.3498162923937312,-1.5628861500382296,829.0,1.5628861500382296,1.6595833975903707
2025-12-30,6896.240234375,-0.1376614250653447,-1.2690070514146237,934.0,1.2690070514146237,1.5628861500382296
2025-12-31,6845.5,-0.7384867434248815,-1.338248098574128,945.0,1.338248098574128,1.2690070514146237
2026-01-02,6858.47021484375,0.18929140261155547,-1.4880496177496556,703.0,1.4880496177496556,1.338248098574128
2026-01-05,6902.0498046875,0.6334024511051581,-1.5291340779042184,911.0,1.5291340779042184,1.4880496177496556
2026-01-06,6944.81982421875,0.6177592003893837,-1.4430252621184023,1050.0,1.4430252621184023,1.5291340779042184
2026-01-07,6920.93017578125,-0.3445853571010193,-1.6561631443476763,912.0,1.6561631443476763,1.4430252621184023
2026-01-08,6921.4599609375,0.007654532942294603,-1.5838553764055312,1101.0,1.5838553764055312,1.6561631443476763
2026-01-09,6966.27978515625,0.6454611138321038,-1.53704955538007,1107.0,1.53704955538007,1.5838553764055312
2026-01-12,6977.27001953125,0.15763900591805138,-1.234039014333901,985.0,1.234039014333901,1.53704955538007
2026-01-13,6963.740234375,-0.1941005588207007,-1.7388023717573433,1194.0,1.7388023717573433,1.234039014333901
2026-01-14,6926.60009765625,-0.5347633584135448,-1.446059059816761,1160.0,1.446059059816761,1.7388023717573433
2026-01-15,6944.47021484375,0.2576603920444464,-1.6283341864397476,1234.0,1.6283341864397476,1.446059059816761
2026-01-16,6940.009765625,-0.06425086684515026,-1.352285168715165,1136.0,1.352285168715165,1.6283341864397476
2026-01-20,6796.85986328125,-2.0842460953261224,-1.119064563806309,1171.0,1.119064563806309,1.352285168715165
2026-01-21,6875.6201171875,1.152111763356032,-1.2147446280822276,1156.0,1.2147446280822276,1.119064563806309
2026-01-22,6913.35009765625,0.547250070790214,-1.1576621357930275,1147.0,1.1576621357930275,1.2147446280822276
2026-01-23,6915.60986328125,0.03268164274822459,-1.4227458093973222,1089.0,1.4227458093973222,1.1576621357930275
2026-01-26,6950.22998046875,0.499359426016032,-1.3796832940742385,874.0,1.3796832940742385,1.4227458093973222
2026-01-27,6978.60009765625,0.40735878404412407,-1.2994171616058257,1129.0,1.2994171616058257,1.3796832940742385
2026-01-28,6978.02978515625,-0.008172639170147053,-1.2563970540343685,1185.0,1.2563970540343685,1.2994171616058257
2026-01-29,6969.009765625,-0.12934674424623016,-1.342550557350158,1111.0,1.342550557350158,1.2563970540343685
2026-01-30,6939.02978515625,-0.43111794144580756,-1.5398933778061177,1211.0,1.5398933778061177,1.342550557350158
2026-02-02,6976.43994140625,0.5376785277364613,-0.7321543212133658,1000.0,0.7321543212133658,1.5398933778061177
2026-02-03,6917.81005859375,-0.8439495590663714,-1.1499570988131689,1227.0,1.1499570988131689,0.7321543212133658
2026-02-04,6882.72021484375,-0.5085300155013825,-1.1838962089259077,1172.0,1.1838962089259077,1.1499570988131689
2026-02-05,6798.39990234375,-1.232667785383289,-1.429542019940388,1218.0,1.429542019940388,1.1838962089259077
2026-02-06,6932.2998046875,1.9504344282200718,-1.6244230784132903,1212.0,1.6244230784132903,1.429542019940388
2026-02-09,6964.81982421875,0.4680117860123293,-1.0626504976660438,849.0,1.0626504976660438,1.6244230784132903
2026-02-10,6941.81005859375,-0.33091822845107055,-1.2207318513437924,1248.0,1.2207318513437924,1.0626504976660438
2026-02-11,6941.47021484375,-0.00489572699497733,-1.298920713304577,1129.0,1.298920713304577,1.2207318513437924
2026-02-12,6832.759765625,-1.578494138611745,-1.2052933060240618,1239.0,1.2052933060240618,1.298920713304577
2026-02-13,6836.169921875,0.04989646444475858,-1.1174854091756676,1090.0,1.1174854091756676,1.2052933060240618
2026-02-17,6843.22021484375,0.10307906306565179,-0.8782590148388048,1041.0,0.8782590148388048,1.1174854091756676
2026-02-18,6881.31005859375,0.5550636821134018,-0.9007155174035151,1160.0,0.9007155174035151,0.8782590148388048
2026-02-19,6861.89013671875,-0.2826115391534785,-1.2825643147697088,1244.0,1.2825643147697088,0.9007155174035151
2026-02-20,6909.509765625,0.6915755702175205,-1.1853122257679858,1158.0,1.1853122257679858,1.2825643147697088
2026-02-23,6837.75,-1.043995947145646,-1.5714207421183037,968.0,1.5714207421183037,1.1853122257679858
2026-02-24,6890.06982421875,0.7622488962383376,-1.7264205979316787,1330.0,1.7264205979316787,1.5714207421183037
2026-02-25,6946.1298828125,0.8103433970129401,-1.1971471972610548,1186.0,1.1971471972610548,1.7264205979316787
2026-02-26,6908.85986328125,-0.5380026995566102,-1.1690805098725963,1245.0,1.1690805098725963,1.1971471972610548
2026-02-27,6878.8798828125,-0.4348795128037643,-1.2737521481066267,1098.0,1.2737521481066267,1.1690805098725963
2026-03-02,6881.6201171875,0.039827541313498915,-1.622568372724151,1039.0,1.622568372724151,1.2737521481066267
2026-03-03,6816.6298828125,-0.9488908731312503,-1.7014384198457106,1349.0,1.7014384198457106,1.622568372724151
2026-03-04,6869.5,0.772612574014956,-1.605147156224384,1203.0,1.605147156224384,1.7014384198457106
2026-03-05,6830.7099609375,-0.5662707772703004,-1.38260533060532,1197.0,1.38260533060532,1.605147156224384
2026-03-06,6740.02001953125,-1.3365720432496335,-1.319100990202288,1225.0,1.319100990202288,1.38260533060532
2026-03-09,6795.990234375,0.8269871665388671,-1.6149166908511443,946.0,1.6149166908511443,1.319100990202288
2026-03-10,6781.47998046875,-0.2137402505887721,-1.432419780487035,1196.0,1.432419780487035,1.6149166908511443
2026-03-11,6775.7998046875,-0.08379521856348736,-1.6296238945822725,1011.0,1.6296238945822725,1.432419780487035
2026-03-12,6672.6201171875,-1.5344808189494537,-1.3092116909511067,1243.0,1.3092116909511067,1.6296238945822725
2026-03-13,6632.18994140625,-0.6077546398501344,-1.709574445996756,1201.0,1.709574445996756,1.3092116909511067
2026-03-16,6699.3798828125,1.0079909746818998,-1.011527039053788,1098.0,1.011527039053788,1.709574445996756
2026-03-17,6716.08984375,0.2491149384952951,-1.5074575882202974,1234.0,1.5074575882202974,1.011527039053788
2026-03-18,6624.7001953125,-1.3700999383730839,-1.5620829734899406,1064.0,1.5620829734899406,1.5074575882202974
2026-03-19,6606.490234375,-0.2752582623899739,-1.1873774791348295,1147.0,1.1873774791348295,1.5620829734899406
2026-03-20,6506.47998046875,-1.5253934307770227,-1.2140349640274068,1077.0,1.2140349640274068,1.1873774791348295
2026-03-23,6581.0,1.13881090950741,-1.6751406738757137,920.0,1.6751406738757137,1.2140349640274068
2026-03-24,6556.3701171875,-0.3749595459320553,-1.342121982087899,1087.0,1.342121982087899,1.6751406738757137
2026-03-25,6591.89990234375,0.5404493759949215,-1.3111849923426173,1163.0,1.3111849923426173,1.342121982087899
2026-03-26,6477.16015625,-1.7559440961209507,-1.580579337130914,1055.0,1.580579337130914,1.3111849923426173
2026-03-27,6368.85009765625,-1.686323194605131,-1.2616094904967263,1201.0,1.2616094904967263,1.580579337130914
2026-03-30,6343.72021484375,-0.39535538333558956,-1.880765442977783,877.0,1.880765442977783,1.2616094904967263
2026-03-31,6528.52001953125,2.8714893309798715,-1.4318251293839312,1144.0,1.4318251293839312,1.880765442977783
2026-04-01,6575.31982421875,0.7142945003759281,-1.3772143516716957,1223.0,1.3772143516716957,1.4318251293839312
2026-04-02,6582.68994140625,0.11202481362370179,-1.171616831505955,1126.0,1.171616831505955,1.3772143516716957
2026-04-06,6611.830078125,0.44170131316058087,-1.668397809315785,810.0,1.668397809315785,1.171616831505955
2026-04-07,6616.85009765625,0.07589600331270599,-1.5820747357833627,1101.0,1.5820747357833627,1.668397809315785
2026-04-08,6782.81005859375,2.4772038357183543,-1.7916005293095516,663.0,1.7916005293095516,1.5820747357833627
2026-04-09,6824.66015625,0.6151066869514015,-1.6596848692972552,1114.0,1.6596848692972552,1.7916005293095516
2026-04-10,6816.89013671875,-0.11391696991393636,-1.3406149923906552,1079.0,1.3406149923906552,1.6596848692972552
2026-04-13,6886.240234375,1.0121875493741075,-1.588552529605743,855.0,1.588552529605743,1.3406149923906552
2026-04-14,6967.3798828125,1.1713988916143618,-1.268602867783659,1187.0,1.268602867783659,1.588552529605743
2026-04-15,7022.9501953125,0.794414491156507,-1.3950419177868238,1104.0,1.3950419177868238,1.268602867783659
2026-04-16,7041.27978515625,0.2606555815286028,-1.4971769887368396,1066.0,1.4971769887368396,1.3950419177868238
2026-04-17,7126.06005859375,1.1968553928737802,-1.577055158235225,1044.0,1.577055158235225,1.4971769887368396
2026-04-20,7109.14013671875,-0.23771959102520376,-1.5778105772781128,937.0,1.5778105772781128,1.577055158235225
2026-04-21,7064.009765625,-0.636845358085314,-1.1525200318684021,1117.0,1.1525200318684021,1.5778105772781128
2026-04-22,7137.89990234375,1.0405756011537826,-1.6979064771874797,1155.0,1.6979064771874797,1.1525200318684021
2026-04-23,7108.39990234375,-0.41414321709399987,-1.559071347733851,1244.0,1.559071347733851,1.6979064771874797
2026-04-24,7165.080078125,0.7942067917632457,-1.6657252777864855,1043.0,1.6657252777864855,1.559071347733851
2026-04-27,7173.91015625,0.1231618000549854,-1.253451876834803,882.0,1.253451876834803,1.6657252777864855
2026-04-28,7138.7998046875,-0.4906187868795949,-1.595569996773749,1031.0,1.595569996773749,1.253451876834803
2026-04-29,7135.9501953125,-0.03992517435124843,-1.7231724372744206,1152.0,1.7231724372744206,1.595569996773749
2026-04-30,7209.009765625,1.0186184168105012,-1.4576206890409267,1201.0,1.4576206890409267,1.7231724372744206
2026-05-01,7230.1201171875,0.29240496865214705,-1.3914144585421886,1013.0,1.3914144585421886,1.4576206890409267
2026-05-04,7200.75,-0.4070462487840939,-1.179087886332641,889.0,1.179087886332641,1.3914144585421886
2026-05-05,7259.22021484375,0.8087227380575185,-1.6500540375198933,1100.0,1.6500540375198933,1.179087886332641
2026-05-06,7365.1201171875,1.4482944327746903,-1.3855025423652685,1153.0,1.3855025423652685,1.6500540375198933
2026-05-07,7337.10986328125,-0.38103454826786937,-1.1202660438179841,1182.0,1.1202660438179841,1.3855025423652685
2026-05-08,7398.93017578125,0.8390405429031966,-1.2027262450629563,962.0,1.2027262450629563,1.1202660438179841
2026-05-11,7412.83984375,0.18781917406753335,-1.194059386921,966.0,1.194059386921,1.2027262450629563
2026-05-12,7400.9599609375,-0.16038944114079717,-1.4526040264310203,1048.0,1.4526040264310203,1.194059386921
2026-05-13,7444.25,0.5832206062995343,-1.4401845981358226,987.0,1.4401845981358226,1.4526040264310203
2026-05-14,7501.240234375,0.7626449143738461,-1.2722817728331426,1163.0,1.2722817728331426,1.4401845981358226
2026-05-15,7408.5,-1.2440381787730352,-1.7824516305927596,1102.0,1.7824516305927596,1.2722817728331426
2026-05-18,7403.0498046875,-0.07359385925655568,-1.4885695234546934,936.0,1.4885695234546934,1.7824516305927596
2026-05-19,7353.60986328125,-0.6700720556670582,-1.7736982344186187,1100.0,1.7736982344186187,1.4885695234546934
2026-05-20,7432.97021484375,1.0734208066325956,-1.2759263412039974,1216.0,1.2759263412039974,1.7736982344186187
2026-05-21,7445.72021484375,0.17138609316666426,-1.3561798788871133,1095.0,1.3561798788871133,1.2759263412039974
2026-05-22,7473.47021484375,0.3720045284340991,-1.3409595859218673,1088.0,1.3409595859218673,1.3561798788871133
2026-05-26,7519.1201171875,0.6089680623147165,-1.4639900291118038,929.0,1.4639900291118038,1.3409595859218673
2026-05-27,7520.35986328125,0.016486555361860243,-1.255546642145912,1139.0,1.255546642145912,1.4639900291118038
2026-05-28,7563.6298828125,0.5737227212216409,-1.4974711106313732,1044.0,1.4974711106313732,1.255546642145912
2026-05-29,7580.06005859375,0.21699047314878453,-1.5407209369471881,1045.0,1.5407209369471881,1.4974711106313732
2026-06-01,7599.9599609375,0.26218560604907887,-1.4133528494656968,860.0,1.4133528494656968,1.5407209369471881
2026-06-02,7609.77978515625,0.12912549125880068,-1.6126594214868037,1133.0,1.6126594214868037,1.4133528494656968
2026-06-03,7553.68017578125,-0.7399348892067432,-1.1510099294236487,1193.0,1.1510099294236487,1.6126594214868037
2026-06-04,7584.31005859375,0.40467623691873905,-1.3440479449583653,1053.0,1.3440479449583653,1.1510099294236487
2026-06-05,7383.740234375,-2.6801330315360894,-1.3701888720095756,1012.0,1.3701888720095756,1.3440479449583653
2026-06-08,7405.72998046875,0.29737052076611975,-1.390464910694371,803.0,1.390464910694371,1.3701888720095756
2026-06-09,7386.64990234375,-0.2579718592621945,-1.3040611246484148,964.0,1.3040611246484148,1.390464910694371
2026-06-10,7266.990234375,-1.6332095868206011,-1.3367718712003709,1164.0,1.3367718712003709,1.3040611246484148
2026-06-11,7394.2998046875,1.736719891346488,-1.6052116667923033,1100.0,1.6052116667923033,1.3367718712003709
2026-06-12,7431.4599609375,0.5012928127161433,-1.1295915503339622,972.0,1.1295915503339622,1.6052116667923033
2026-06-15,7554.2900390625,1.639328413858115,-0.9824950060398463,861.0,0.9824950060398463,1.1295915503339622
2026-06-16,7511.35009765625,-0.5700396039273383,-1.1932093567894233,1112.0,1.1932093567894233,0.9824950060398463
2026-06-17,7420.10009765625,-1.2222675603360276,-1.3109703130741963,1126.0,1.3109703130741963,1.1932093567894233
2026-06-18,7500.580078125,1.0787813962926183,-1.199708505499522,1102.0,1.199708505499522,1.3109703130741963
2026-06-22,7472.7900390625,-0.3711932684976348,-1.3136205845762308,943.0,1.3136205845762308,1.199708505499522
2026-06-23,7365.4599609375,-1.4466928386098656,-1.36844162714847,1106.0,1.36844162714847,1.3136205845762308
2026-06-24,7358.22021484375,-0.09834153677319339,-1.3531316542520344,1095.0,1.3531316542520344,1.36844162714847
2026-06-25,7357.490234375,-0.009921104004703283,-1.522338876233478,1164.0,1.522338876233478,1.3531316542520344
2026-06-26,7354.02001953125,-0.04717686829183932,-1.2694304442926347,1024.0,1.2694304442926347,1.522338876233478
2026-06-29,7440.43017578125,1.168156135934559,-1.2154745719101725,864.0,1.2154745719101725,1.2694304442926347
2026-06-30,7499.35986328125,0.7888998838148293,-0.9906420863136187,1052.0,0.9906420863136187,1.2154745719101725
2026-07-01,7483.22998046875,-0.21531509855513084,-0.8828516346365962,1048.0,0.8828516346365962,0.9906420863136187
2026-07-02,7483.240234375,0.0001370250446897007,-0.9926574062004893,1140.0,0.9926574062004893,0.8828516346365962
2026-07-06,7537.43017578125,0.7215413830444529,-1.3747021688444125,770.0,1.3747021688444125,0.9926574062004893
2026-07-07,7503.85009765625,-0.44650632531854906,-1.3310304213867399,971.0,1.3310304213867399,1.3747021688444125
2026-07-08,7482.7099609375,-0.28212145626126695,-1.632842728763798,1096.0,1.632842728763798,1.3310304213867399
2026-07-09,7543.64013671875,0.8109821657156896,-1.1884202210780457,1073.0,1.1884202210780457,1.632842728763798
2026-07-10,7575.39013671875,0.42000109925717266,-1.4808012133596795,993.0,1.4808012133596795,1.1884202210780457
2026-07-13,7515.33984375,-0.7958609028043705,-1.6827363773998305,828.0,1.6827363773998305,1.4808012133596795
2026-07-14,7543.58984375,0.3751931076883282,-1.3932996335022034,1080.0,1.3932996335022034,1.6827363773998305
2026-07-15,7572.39990234375,0.3811869942054222,-1.308762973976813,1170.0,1.308762973976813,1.3932996335022034
2026-07-16,7533.77001953125,-0.5114462132765812,-1.2741140208324286,1097.0,1.2741140208324286,1.308762973976813
2026-07-17,7457.68994140625,-1.0149876192112737,-1.7072346054072416,999.0,1.7072346054072416,1.2741140208324286
2026-07-20,7443.27978515625,-0.19341238867804414,-1.6380449216916282,808.0,1.6380449216916282,1.7072346054072416
2026-07-21,7509.2001953125,0.8817378432212827,-1.5823407662950457,1035.0,1.5823407662950457,1.6380449216916282
2026-07-22,7498.9599609375,-0.13646224263997142,-1.7799659666575827,1138.0,1.7799659666575827,1.5823407662950457
2026-07-23,7408.2998046875,-1.216337213127651,-1.5037625292493275,1104.0,1.5037625292493275,1.7799659666575827
2026-07-24,7411.97998046875,0.04966405371888175,-1.4459074494294526,1101.0,1.4459074494294526,1.5037625292493275
2026-07-27,7413.18017578125,0.016191330177520103,-1.8993858018139333,821.0,1.8993858018139333,1.4459074494294526
2026-07-28,7428.77978515625,0.21020963754603475,-1.3660177231594417,1126.0,1.3660177231594417,1.8993858018139333
2026-07-29,7316.14990234375,-1.5277397157074193,-1.4831549960018005,1146.0,1.4831549960018005,1.3660177231594417
2026-07-30,7437.6298828125,1.6468013977056841,-1.412751223317347,1124.0,1.412751223317347,1.4831549960018005
2026-07-31,7489.72021484375,0.6979208383378552,-1.0059782395786752,960.0,1.0059782395786752,1.412751223317347
2026-08-03,7600.5,1.4682592263996739,-1.1331266271430298,865.0,1.1331266271430298,1.0059782395786752
2026-08-04,7736.52001953125,1.773794201518698,-1.5786199182412675,941.0,1.5786199182412675,1.1331266271430298
2026-08-05,7723.5498046875,-0.16778990048803988,-1.3456135122047599,1090.0,1.3456135122047599,1.5786199182412675
2026-08-06,7709.9599609375,-0.17610831844068817,-1.279209659815452,1034.0,1.279209659815452,1.3456135122047599
2026-08-07,7757.64013671875,0.6165187424711444,-1.4734336122848253,1000.0,1.4734336122848253,1.279209659815452
2026-08-10,7753.10986328125,-0.05841462941922488,-1.6129630327218187,887.0,1.6129630327218187,1.4734336122848253
2026-08-11,7728.2001953125,-0.32180337931317926,-1.6269990171936188,1035.0,1.6269990171936188,1.6129630327218187
2026-08-12,7748.5,0.26232744800285085,-1.2819349470819266,1106.0,1.2819349470819266,1.6269990171936188
2026-08-13,7798.990234375,0.6494991938585417,-1.2508247325386024,1098.0,1.2508247325386024,1.2819349470819266
2026-08-14,7785.759765625,-0.1697874130592273,-1.8745619169790608,1034.0,1.8745619169790608,1.2508247325386024
